title,company,location,link
"Software Engineering-Java, HTML, Javascript, CSS, Angular","JPMorgan Chase Bank, N.A.","Plano, TX",https://stackoverflow.com/jobs/554632
"Senior Software Engineer, Backend (Healthtech, Remote Options, Equity)",WELL Health Inc.,"Los Angeles, CA",https://stackoverflow.com/jobs/549971
Software Engineering Manager (m/f/div),Elinvar GmbH,"Berlin, Germany",https://stackoverflow.com/jobs/554683
Lead Software Engineer (m/f/div),Elinvar GmbH,"Berlin, Germany",https://stackoverflow.com/jobs/555842
Senior Backend Engineer (m/f/div),Elinvar GmbH,"Berlin, Germany",https://stackoverflow.com/jobs/548851
SAP-Anwendungsentwickler (m/w/div.),Schütz GmbH & Co. KGaA,"Selters(Westerwald), Deutschland",https://stackoverflow.com/jobs/551321
(Senior) Frontend Engineer – React.js (m/f/div),Elinvar GmbH,"Berlin, Germany",https://stackoverflow.com/jobs/548854
SAP-Basis Administrator (m/w/div.),Schütz GmbH & Co. KGaA,"Selters(Westerwald), Deutschland",https://stackoverflow.com/jobs/551323
Fullstack Web Developer (m/w/d) - JAVA / HTML / CSS,CTS EVENTIM AG & Co. KG aA,"Bremen, Deutschland",https://stackoverflow.com/jobs/531044
Software Developer - Full Stack,Intelliware Development Inc.,No office location,https://stackoverflow.com/jobs/535340
[REMOTE] Product Manager in remote-first browser games company,Crazy Games,No office location,https://stackoverflow.com/jobs/543542
Technical Director,Intelliware Development Inc.,No office location,https://stackoverflow.com/jobs/555744
Cloud Automation Engineer (m/w/d),Mimacom,"Stuttgart, Deutschland",https://stackoverflow.com/jobs/551994
Senior Laravel / VUE Developer (Remote),Curotec,No office location,https://stackoverflow.com/jobs/533450
Cloud Engineer - Where GovTech and FinTech Meet,PayIt,"Kansas City, MO",https://stackoverflow.com/jobs/555453
"Senior Software Engineer - Full-stack (Python, React)",Invitae Corporation,No office location,https://stackoverflow.com/jobs/522534
Software Engineer - Hypergrowth Biotech startup helping dogs!,Embark Veterinary Inc.,"Boston, MA",https://stackoverflow.com/jobs/526658
Senior Software Engineer,Leverege,"Rockville, MD",https://stackoverflow.com/jobs/468965
Software Architect (Django/Flask + React),Self Decode,No office location,https://stackoverflow.com/jobs/307459
Senior JavaScript Software Engineer,"JPMorgan Chase Bank, N.A.","Columbus, OH",https://stackoverflow.com/jobs/555856
"Full Stack Software Engineer, Business Integrity",ByteDance,Singapore,https://stackoverflow.com/jobs/553099
Frontend Engineer at Bosch IoT Start-up,Azena (A Bosch IoT Start-Up),"Eindhoven, Netherlands",https://stackoverflow.com/jobs/522738
Software Developers for our offices in Germany and UK,Evotec SE,"Hamburg, Germany",https://stackoverflow.com/jobs/524299
Front-End Software Engineer,HENNGE K.K.,"Tokyo, Japan",https://stackoverflow.com/jobs/381280
Full-Stack Web Developer (m/w/d) Remote,asgoodasnew electronics GmbH,"Berlin, Deutschland",https://stackoverflow.com/jobs/529765
Python Developer (Remote),Finsera,No office location,https://stackoverflow.com/jobs/524065
Full-Stack Web Developer (m/w/d) Remote,asgoodasnew electronics GmbH,"Berlin, Deutschland",https://stackoverflow.com/jobs/529765
Python Entwickler*in Remote (f/m/d),Ambient,"Köln, Deutschland",https://stackoverflow.com/jobs/493874
"Senior Software Developer/Team Leader in Berlin, Hamburg or Göttingen",Evotec SE,"Berlin, Germany",https://stackoverflow.com/jobs/550234
"Frontend Software Engineer, Business Integrity",ByteDance,Singapore,https://stackoverflow.com/jobs/553035
Remote Software Architect,O'Reilly Auto Parts,No office location,https://stackoverflow.com/jobs/554580
(Senior) Frontend Engineer (all genders) - Remote or Relocation,Goodgame Studios,"Hamburg, Deutschland",https://stackoverflow.com/jobs/553440
JavaScript UI Software Engineer,"JPMorgan Chase Bank, N.A.","Columbus, OH",https://stackoverflow.com/jobs/554291
Software Developer - Redis/Kafka/Elasticsearch/MongoDB,Worldline,"Mumbai, India",https://stackoverflow.com/jobs/536705
Full-Stack Developer (m/f/d),AerQ GmbH,"Hamburg, Deutschland",https://stackoverflow.com/jobs/546686
Software Developer Vue.js (m/f/d),shopware AG,"Schöppingen, Deutschland",https://stackoverflow.com/jobs/549078
C#.Net Software Engineer - cxLoyalty  AWS a plus,"JPMorgan Chase Bank, N.A.","Plano, TX",https://stackoverflow.com/jobs/552849
Java Software Engineer,"JPMorgan Chase Bank, N.A.","Plano, TX",https://stackoverflow.com/jobs/554006
Backend Developer (m/w/d),edith.care GmbH,"Hamburg, Deutschland",https://stackoverflow.com/jobs/392887
Software Developer - APIs,"JPMorgan Chase Bank, N.A.","Jersey City, NJ",https://stackoverflow.com/jobs/555690
Staff Software Engineer - Hypergrowth Biotech startup helping dogs!,Embark Veterinary Inc.,"Boston, MA",https://stackoverflow.com/jobs/510445
BNPL with a Modern Tech Stack is Looking for a backend developer (Remote),ViaBill A/S,No office location,https://stackoverflow.com/jobs/371587
JavaScript Developer for Video Surveillance System,IPConfigure,"Norfolk, VA",https://stackoverflow.com/jobs/529255
Senior Front-end Developer (Remote),SORAMITSU,"Innopolis, Russia",https://stackoverflow.com/jobs/522571
Full Stack Software Engineer,Stable Kernel,"Atlanta, GA",https://stackoverflow.com/jobs/555631
(Senior) Frontend Developer (m/w/d),asgoodasnew electronics GmbH,"Berlin, Deutschland",https://stackoverflow.com/jobs/536573
Backend Software Engineer,Armored Things,"Boston, MA",https://stackoverflow.com/jobs/322319
JavaScript UI Software Engineer,"JPMorgan Chase Bank, N.A.","Plano, TX",https://stackoverflow.com/jobs/552382
Software Engineering - Full-Stack / JavaScript / React /Node JS,"JPMorgan Chase Bank, N.A.","Jersey City, NJ",https://stackoverflow.com/jobs/553085
Full Stack Software Engineer - ESG - AM Research Technology,"JPMorgan Chase Bank, N.A.","London, UK",https://stackoverflow.com/jobs/554360
Software Developer - APIs,"JPMorgan Chase Bank, N.A.","London, UK",https://stackoverflow.com/jobs/555348
Python Developer (Remote),Finsera,No office location,https://stackoverflow.com/jobs/524065
Remote Senior Software Developer - Pricing,O'Reilly Auto Parts,No office location,https://stackoverflow.com/jobs/554579
Frontend Engineer,alfaview GmbH,No office location,https://stackoverflow.com/jobs/267102
Backend Developer (m/w/d),edith.care GmbH,"Hamburg, Deutschland",https://stackoverflow.com/jobs/392887
ArcGIS for Office,Esri,"Redlands, CA",https://stackoverflow.com/jobs/523598
Full-Stack Technical Lead,SSENSE,"Montreal, QC, Canada",https://stackoverflow.com/jobs/521742
Sr. Full Stack Engineer- Python,AutoTrader,"Toronto, ON, Canada",https://stackoverflow.com/jobs/529021
Senior Python/Django Full-stack Developer,Apicbase Belgium,No office location,https://stackoverflow.com/jobs/545356
Senior Java Software Engineer (US Remote based),RBW ConsultingviaRBW Consulting,No office location,https://stackoverflow.com/jobs/554678
Junior Full Stack Engineer,Personio,"Dublin, Ireland",https://stackoverflow.com/jobs/552300
Java Software Engineer,"JPMorgan Chase Bank, N.A.","Plano, TX",https://stackoverflow.com/jobs/552381
Remote Software Engineer - Full Stack Java,O'Reilly Auto Parts,No office location,https://stackoverflow.com/jobs/554578
Senior Front-end Developer (Remote),SORAMITSU,"Innopolis, Russia",https://stackoverflow.com/jobs/522571
Java Software Engineer,"JPMorgan Chase Bank, N.A.","Columbus, OH",https://stackoverflow.com/jobs/554987
Software Engineer - Frontend / Fullstack (m/w/d),HolidayCheck Group AG,"Munich, Germany",https://stackoverflow.com/jobs/297719
React Front End Developer,"Daupler, Inc.","Kansas City, MO",https://stackoverflow.com/jobs/523351
FullStack Software Engineer,"JPMorgan Chase Bank, N.A.","Chicago, IL",https://stackoverflow.com/jobs/555710
Java Entwickler:in / Software Developer (m/w/d),Thalia Bücher GmbH,"Münster, Deutschland",https://stackoverflow.com/jobs/538578
Senior Full Stack Software Engineer - ESG - AM Research Technology,"JPMorgan Chase Bank, N.A.","London, UK",https://stackoverflow.com/jobs/553536
Backend Software Engineer,Armored Things,"Boston, MA",https://stackoverflow.com/jobs/322319
Frontend Engineer 80-100% (f/m/d),tutti.ch,"Berlin, Germany",https://stackoverflow.com/jobs/550413
Vue.js Developer (Remote),X-Team,No office location,https://stackoverflow.com/jobs/534462
Java Software Engineer,"JPMorgan Chase Bank, N.A.","Plano, TX",https://stackoverflow.com/jobs/552383
Software-Entwickler für JavaScript / Node.js Applikationen (m/w/d) [100% Remote,elunic AG,No office location,https://stackoverflow.com/jobs/555595
JAVA FullStack Software Engineering,"JPMorgan Chase Bank, N.A.","Chicago, IL",https://stackoverflow.com/jobs/555709
Backend Engineer,Tessian,"London, UK",https://stackoverflow.com/jobs/547936
(Senior) Fullstack Entwickler (m/w/d),BoschviaComputer Futures Solutions GmbH,"Stuttgart, Deutschland",https://stackoverflow.com/jobs/525341
FullStack Software Engineer,"JPMorgan Chase Bank, N.A.","Chicago, IL",https://stackoverflow.com/jobs/555710
Java Entwickler:in / Software Developer (m/w/d),Thalia Bücher GmbH,"Münster, Deutschland",https://stackoverflow.com/jobs/538578
Full Stack Developer (Django + React),Self Decode,No office location,https://stackoverflow.com/jobs/524866
Software Engineer - Backend Node.js,adidas Zaragoza Tech Hub,"Zaragoza, Spain",https://stackoverflow.com/jobs/503427
Web-Frontend-Entwickler (D/M/W),PRADTKE GMBH,"Bochum, Deutschland",https://stackoverflow.com/jobs/527865
Senior Python/Django Full-stack Developer,Apicbase Belgium,No office location,https://stackoverflow.com/jobs/515716
Full Stack Engineer,Singapore Innovate Pte. Ltd,Singapore,https://stackoverflow.com/jobs/554455
Technical Sales Engineer (f/m/d),AddApptr GmbH,"Hamburg, Germany",https://stackoverflow.com/jobs/552000
Senior Java Fullstack Developer: contribute E2E from server side to API & the UI,Mimecast,"London, UK",https://stackoverflow.com/jobs/415192
Full Stack Software Engineer,Stable Kernel,"Atlanta, GA",https://stackoverflow.com/jobs/555631
Softwareentwickler (m/w/d) Frontend / Backend / Fullstack (mehrere Standorte),AUSY Technologies Germany AG,"München, Deutschland",https://stackoverflow.com/jobs/521824
Software Developer Digitalisierung (m/w/d),Schwäbische Werkzeugmaschinen GmbH,"Schramberg, Deutschland",https://stackoverflow.com/jobs/555263
"Front End Developer - Angular, JavaScript, jQuery, Agile, TypeScript",Mimecast,"London, UK",https://stackoverflow.com/jobs/376558
Javascript & PHP Entwickler(in) für spannende Webapplikationen,4eyes GmbH,"Basel, Schweiz",https://stackoverflow.com/jobs/420062
Full-Stack Technical Lead,SSENSE,"Austin, TX",https://stackoverflow.com/jobs/521737
Intertoob Scanner Builder (Fullstack Engineer),Carve Systems,"Golden, CO",https://stackoverflow.com/jobs/517498
Senior Java Entwickler / Java Developer Frontend und Backend (m/w/d),IDAP Informationsmanagement GmbH,"Hürth, Deutschland",https://stackoverflow.com/jobs/552511
Software Engineer - Technical Learning Solutions,"JPMorgan Chase Bank, N.A.","London, UK",https://stackoverflow.com/jobs/553881
Junior/Senior Java Software Entwickler (m/w/d),"HPV e.G.viaProgressive, ein Geschäftszweig der SThree GmbH","Hamburg, Germany",https://stackoverflow.com/jobs/525365
Software Engineer Visualization (m/w/d),Oerlikon Barmag Zweigniederlassung der Oerlikon Textile GmbH & Co. KG,"Remscheid, Deutschland",https://stackoverflow.com/jobs/548749
Software Engineering,"JPMorgan Chase Bank, N.A.","Columbus, OH",https://stackoverflow.com/jobs/551861
Junior Software Developer (m/w/d) Ruby on Rails,Sektor N GmbH,"Hamburg, Germany",https://stackoverflow.com/jobs/550737
Software Allrounder (m/f/d),AnyDesk Software GmbH,"Stuttgart, Germany",https://stackoverflow.com/jobs/430745
Software Engineer Visualization (m/w/d),Oerlikon Barmag Zweigniederlassung der Oerlikon Textile GmbH & Co. KG,"Remscheid, Deutschland",https://stackoverflow.com/jobs/548749
Full Stack Java Software Engineer,"JPMorgan Chase Bank, N.A.","Columbus, OH",https://stackoverflow.com/jobs/553816
Senior Java Entwickler / Java Developer Frontend und Backend (m/w/d),IDAP Informationsmanagement GmbH,"Hürth, Deutschland",https://stackoverflow.com/jobs/552511
Software Engineer - Technical Learning Solutions,"JPMorgan Chase Bank, N.A.","London, UK",https://stackoverflow.com/jobs/553881
Java Software Engineer,"JPMorgan Chase Bank, N.A.","Jersey City, NJ",https://stackoverflow.com/jobs/554930
Front End Software Engineer – HPC Products,DUG Technology,"West Perth, Australia",https://stackoverflow.com/jobs/528137
Senior Frontend Software Engineer (m/f/d),zooplus AG,"München, Germany",https://stackoverflow.com/jobs/524555
Senior Full-Stack Developer (Remote),Slido,"Bratislava, Slovakia",https://stackoverflow.com/jobs/519749
React Developer (m/f/d) for leading eCommerce ecosystem for the energy world,epilot,"Köln, Deutschland",https://stackoverflow.com/jobs/486010
Java Software Engineer,"JPMorgan Chase Bank, N.A.","Columbus, OH",https://stackoverflow.com/jobs/554646
Frontend Web Developer (m/w/d),EyeC GmbH,"Hamburg, Deutschland",https://stackoverflow.com/jobs/408135
React Front End Developer,"Daupler, Inc.","Kansas City, MO",https://stackoverflow.com/jobs/523351
Software Developer - APIs,"JPMorgan Chase Bank, N.A.","London, UK",https://stackoverflow.com/jobs/555348
Full-Stack Software Developer (Intermediate / Senior),Derivco.,"Hope Island, Australia",https://stackoverflow.com/jobs/550295
Casino games frontend developer,Giocaonline s.r.l.,"Milan, Italy",https://stackoverflow.com/jobs/512667
Senior Full Stack Engineer at Leading Education Company,Tynker,No office location,https://stackoverflow.com/jobs/494562
Software Entwickler*in OmniTracker (m/w/d),Stadtwerke München GmbH,"München, Deutschland",https://stackoverflow.com/jobs/516837
System – and Database- Administrator (f/m/d),AddApptr GmbH,"Hamburg, Germany",https://stackoverflow.com/jobs/272132
Senior Software Engineer (React),Higher Logic,"Montreal, QC, Canada",https://stackoverflow.com/jobs/536301
Senior Frontend Engineer,Singapore Innovate Pte. Ltd,Singapore,https://stackoverflow.com/jobs/529920
Software Engineering,"JPMorgan Chase Bank, N.A.","Jersey City, NJ",https://stackoverflow.com/jobs/554438
Software-Entwickler für JavaScript / Node.js Applikationen (m/w/d) [100% Remote,elunic AG,No office location,https://stackoverflow.com/jobs/555595
Frontend Developer Squla,Futurewhiz,"Amsterdam, Netherlands",https://stackoverflow.com/jobs/529180
Software Developer Digitalisierung (m/w/d),Schwäbische Werkzeugmaschinen GmbH,"Schramberg, Deutschland",https://stackoverflow.com/jobs/555263
Full Stack Java Software Engineer,"JPMorgan Chase Bank, N.A.","Columbus, OH",https://stackoverflow.com/jobs/553816
Full-stack / front-end / back-end -kehittäjiä luomaan älykkäitä kaupunkeja,Sitowise,"Espoo, Finland",https://stackoverflow.com/jobs/488336
Informatiker als Fullstack Entwickler Web Development für Audioprodukte (m/w/d),Sennheiser electronic GmbH & Co. KG,"Wedemark, Deutschland",https://stackoverflow.com/jobs/509390
"Frontend Engineer, Studios Applications",Amazon.Com Inc.,"Culver City, CA",https://stackoverflow.com/jobs/540233
Senior Software Engineer (SEO),KAYAKviaInvest Lithuania,"Kaunas, Lithuania",https://stackoverflow.com/jobs/543987
Staff Software Engineer - OPEN TO REMOTE,The RealReal,No office location,https://stackoverflow.com/jobs/530699
Senior Frontend Engineer - Databento (Fully Remote),Unusual Ventures,No office location,https://stackoverflow.com/jobs/524277
Senior Software Engineer (Fullstack),Even Financial,"New York, NY",https://stackoverflow.com/jobs/460779
Software Engineer - Backend Node.js,adidas Zaragoza Tech Hub,"Zaragoza, Spain",https://stackoverflow.com/jobs/503427
Senior Web/Mobile Developer (m/w/d),Lotum GmbH,"Frankfurt am Main, Deutschland",https://stackoverflow.com/jobs/372988
Frontend Developer Squla,Futurewhiz,"Amsterdam, Netherlands",https://stackoverflow.com/jobs/529180
Software Engineering,"JPMorgan Chase Bank, N.A.","Jersey City, NJ",https://stackoverflow.com/jobs/554438
Java Software Engineer,"JPMorgan Chase Bank, N.A.","Jersey City, NJ",https://stackoverflow.com/jobs/554930
Senior Frontend Software Engineer (m/f/d),zooplus AG,"München, Germany",https://stackoverflow.com/jobs/524555
Senior Software Engineer,Keystone Collections Group,"Irwin, PA",https://stackoverflow.com/jobs/552170
Senior Full Stack Developer at Kogan.com,We Are Common,"Melbourne, Australia",https://stackoverflow.com/jobs/531156
Senior Backend Software Engineer (US Only),"Pie Insurance Holdings, Inc.",No office location,https://stackoverflow.com/jobs/545524
Software Engineer – JavaScript + React,zooplus AG,"Kraków, Poland",https://stackoverflow.com/jobs/545496
Experienced Vuejs UX/UI frontend developer (m/f/d),metoda GmbH,"München, Deutschland",https://stackoverflow.com/jobs/539496
Software Entwickler*in OmniTracker (m/w/d),Stadtwerke München GmbH,"München, Deutschland",https://stackoverflow.com/jobs/516837
"Software Engineer (Java and JavaScript, SQL and PL/SQL) 100% Remote",Western Governors University,No office location,https://stackoverflow.com/jobs/545685
Senior Frontend Software Engineer - (f/m/d),zooplus AG,"Madrid, Spain",https://stackoverflow.com/jobs/555448
React Software Engineer @ Nozomi Networks,Nozomi Networks,"Mendrisio, Switzerland",https://stackoverflow.com/jobs/526403
Software Architect Storefront (m/f/d),shopware AG,No office location,https://stackoverflow.com/jobs/548439
Senior Frontend Software Engineer (Angular/Javascript),Celonis,"Madrid, Spain",https://stackoverflow.com/jobs/551995
Web Applications Developer,"JPMorgan Chase Bank, N.A.","Tampa, FL",https://stackoverflow.com/jobs/552195
"Software Engineer (Java and JavaScript, SQL and PL/SQL) 100% Remote",Western Governors University,No office location,https://stackoverflow.com/jobs/545685
Java Fullstack Software Engineer,"JPMorgan Chase Bank, N.A.","Chicago, IL",https://stackoverflow.com/jobs/553983
Experienced Vuejs UX/UI frontend developer (m/f/d),metoda GmbH,"München, Deutschland",https://stackoverflow.com/jobs/539496
Senior Backend Software Engineer (US Only),"Pie Insurance Holdings, Inc.",No office location,https://stackoverflow.com/jobs/545524
Senior Frontend Software Engineer (Angular/Javascript),Celonis,"Madrid, Spain",https://stackoverflow.com/jobs/551995
Software Entwickler*in OmniTracker (m/w/d),Stadtwerke München GmbH,"München, Deutschland",https://stackoverflow.com/jobs/516837
Senior Software Engineer - Frontend,VIZIO,"Denver, CO",https://stackoverflow.com/jobs/522670
Senior Software Engineer - Front End,Keap,No office location,https://stackoverflow.com/jobs/492300
"Senior Software Engineer, UI- Pet Health- R8094","Chewy, Inc.","Minneapolis, MN",https://stackoverflow.com/jobs/513973
"Senior Software Engineer, UI - Pet Health-R8094","Chewy, Inc.","Boston, MA",https://stackoverflow.com/jobs/513971
UI Software Engineer,"JPMorgan Chase Bank, N.A.","Jersey City, NJ",https://stackoverflow.com/jobs/554089
Software Architect Storefront (m/f/d),shopware AG,No office location,https://stackoverflow.com/jobs/548439
.Net Software Developer,Geotab,No office location,https://stackoverflow.com/jobs/528786
Frontend Software Engineer,"JPMorgan Chase Bank, N.A.","Plano, TX",https://stackoverflow.com/jobs/554777
Experienced Front End Engineer,AE nv/sa,"Leuven, Belgium",https://stackoverflow.com/jobs/523553
Senior Software Engineer Web Front-end,ti&m AG,"Bern, Schweiz",https://stackoverflow.com/jobs/522271
Software Developer - Department for Education,Government Digital Service (GDS),"London, UK",https://stackoverflow.com/jobs/552302
Fullstack Developer,funda,"Amsterdam, Netherlands",https://stackoverflow.com/jobs/517353
"Senior Software Engineer, (Javascript/Typescript, React/Redux,Node)",Even Financial,"New York, NY",https://stackoverflow.com/jobs/546723
Senior Python Engineer - Back End - Take Charge Of Our In-House CMS,Immersive Labs,No office location,https://stackoverflow.com/jobs/552495
Senior UI ReactJS Software Engineer,"JPMorgan Chase Bank, N.A.","Houston, TX",https://stackoverflow.com/jobs/552940
Senior Software Engineer Web Front-end,ti&m AG,"Zürich, Schweiz",https://stackoverflow.com/jobs/522252
Senior Software Engineer Web-Front-end / .NET,ti&m AG,"Zürich, Schweiz",https://stackoverflow.com/jobs/522251
Software Engineering - JPMWM Technology,"JPMorgan Chase Bank, N.A.","Jersey City, NJ",https://stackoverflow.com/jobs/554756
Portfolio Core Team - Software Developer - Senior Associate,"JPMorgan Chase Bank, N.A.","London, UK",https://stackoverflow.com/jobs/555531
UI Software Engineer,"JPMorgan Chase Bank, N.A.","Jersey City, NJ",https://stackoverflow.com/jobs/554089
Software Allrounder (m/f/d),AnyDesk Software GmbH,"Stuttgart, Germany",https://stackoverflow.com/jobs/430745
Junior Frontend Web Developer,Network Guard,Hong Kong,https://stackoverflow.com/jobs/527724
Frontend Engineer (VueJS) - Full/Parttime,Paessler AG,No office location,https://stackoverflow.com/jobs/552996
Senior Software Engineer,Keystone Collections Group,"Irwin, PA",https://stackoverflow.com/jobs/552170
"(Senior) Frontend Engineer (m/w/d), Köln oder Gütersloh",Schüttflix GmbH,"Cologne, Germany",https://stackoverflow.com/jobs/525579
Senior Frontend Engineer (JS TS React),Zoopla,"London, UK",https://stackoverflow.com/jobs/496547
Sr. Front-End Software Developer,ProQuest,No office location,https://stackoverflow.com/jobs/555479
Junior JavaScript developer,SofteqviaInvest Lithuania,"Vilnius, Lithuania",https://stackoverflow.com/jobs/543978
Frontend Developer - for a cloud-based language training solution,Speexx,No office location,https://stackoverflow.com/jobs/524579
(Senior) Full Stack Developer (m/w/d) in München,jambit GmbH,"München, Deutschland",https://stackoverflow.com/jobs/528008
Senior Front End Engineer (Remote),Slido,"Bratislava, Slovakia",https://stackoverflow.com/jobs/519966
Backend Java Developer,Tradeshift,"București, Romania",https://stackoverflow.com/jobs/533090
Senior Software Engineer ( React ) (m / f / d),Usercentrics GmbH,"München, Deutschland",https://stackoverflow.com/jobs/525710
Senior Software Engineer- Order Management System- R10501,"Chewy, Inc.","Boston, MA",https://stackoverflow.com/jobs/555654
Web Developer wanting to join a fast growing company,BigChange Ltd,"Leeds, UK",https://stackoverflow.com/jobs/268103
Senior Software Engineer- Order Management System- R10501,"Chewy, Inc.","Minneapolis, MN",https://stackoverflow.com/jobs/555655
Product Frontend Developer,Flowable,No office location,https://stackoverflow.com/jobs/536068
UK-Based Remote Full Stack Web Developer (Angular / NodeJS / AWS),WUSTL International,No office location,https://stackoverflow.com/jobs/518475
Senior TypeScript and .Net Developer,MapLarge,"Atlanta, GA",https://stackoverflow.com/jobs/482097
Cloud Automation Engineer,tribe29 GmbH,"München, Deutschland",https://stackoverflow.com/jobs/547843
Senior Front-end Engineer,Reaktor,"Lisboa, Portugal",https://stackoverflow.com/jobs/554381
Software Engineering,"JPMorgan Chase Bank, N.A.","Chicago, IL",https://stackoverflow.com/jobs/555792
Team Leader - Software Engineering,Labforward GmbH,"Berlin, Germany",https://stackoverflow.com/jobs/553110
Senior Front End Engineer,Demand.io,"Los Angeles, CA",https://stackoverflow.com/jobs/555644
Senior Software Engineer- Order Management System- R10501,"Chewy, Inc.","Minneapolis, MN",https://stackoverflow.com/jobs/555655
Product Frontend Developer,Flowable,No office location,https://stackoverflow.com/jobs/536068
Frontend Developer (m/w/d) – Karlsruhe oder 100% Remote,Sovendus GmbH,"Karlsruhe, Deutschland",https://stackoverflow.com/jobs/552514
UK-Based Remote Full Stack Web Developer (Angular / NodeJS / AWS),WUSTL International,No office location,https://stackoverflow.com/jobs/518475
DevOps Engineer,Invitae Corporation,"Boulder, CO",https://stackoverflow.com/jobs/522515
Senior TypeScript and .Net Developer,MapLarge,"Atlanta, GA",https://stackoverflow.com/jobs/482097
Cloud Automation Engineer,tribe29 GmbH,"München, Deutschland",https://stackoverflow.com/jobs/547843
Senior Front-end Engineer,Reaktor,"Lisboa, Portugal",https://stackoverflow.com/jobs/554381
Software Engineering,"JPMorgan Chase Bank, N.A.","Chicago, IL",https://stackoverflow.com/jobs/555792
Backend Developer (m/w/d) remote,best it AG,"Berlin, Deutschland",https://stackoverflow.com/jobs/513393
Javascript Engineer,Adaptavist,"London, UK",https://stackoverflow.com/jobs/522044
Senior Software Engineer- Order Management System- R10501,"Chewy, Inc.","Dania Beach, FL",https://stackoverflow.com/jobs/555653
Senior Software Engineer,uShip,"Austin, TX",https://stackoverflow.com/jobs/537938
Web Developer (m/f/d),Ravensburger AG,"Malmö, Schweden",https://stackoverflow.com/jobs/499585
"Experienced React + VanillaJS Engineer, FinTech",TotallyMoney,"London, UK",https://stackoverflow.com/jobs/316009
Senior Software Developer (m/w/d) Ruby on Rails,Sektor N GmbH,"Hamburg, Germany",https://stackoverflow.com/jobs/550735
Senior Front-end Developer (Vue.js),Insider,"Berlin, Germany",https://stackoverflow.com/jobs/551196
Senior Front-End JavaScript Engineer,Canva,"Sydney, Australia",https://stackoverflow.com/jobs/150823
Software Engineer - Articulate 360,Articulate Inc.,No office location,https://stackoverflow.com/jobs/508367
Software Engineers,Eurovision Services,"Madrid, Spain",https://stackoverflow.com/jobs/504593
Frontend Developer / Headless Expert,Magnolia International Ltd.,No office location,https://stackoverflow.com/jobs/525573
Senior Full Stack Developer (m/f/d) in Yerevan,jambit GmbH,"Jerewan, Armenien",https://stackoverflow.com/jobs/528003
Software Entwickler (m/w/d) Schwerpunkt Scala / TypeScript / AWS,Süddeutsche Zeitung Digitale Medien GmbH,"München, Deutschland",https://stackoverflow.com/jobs/487076
Senior Software Engineer/SRE - Trading Analytics,Bloomberg LP,"London, UK",https://stackoverflow.com/jobs/551412
Full Stack Java Software Engineer,"JPMorgan Chase Bank, N.A.","Plano, TX",https://stackoverflow.com/jobs/553943
Senior Front-End JavaScript Engineer,Canva,"Sydney, Australia",https://stackoverflow.com/jobs/150823
Software Engineers,Eurovision Services,"Madrid, Spain",https://stackoverflow.com/jobs/504593
Sr. Front-End Software Developer,ProQuest,No office location,https://stackoverflow.com/jobs/555479
Software Engineering,"JPMorgan Chase Bank, N.A.","Glasgow, UK",https://stackoverflow.com/jobs/553856
Full Stack Mobile Developer (Flutter) (w/m/d),Lotum GmbH,"Frankfurt am Main, Deutschland",https://stackoverflow.com/jobs/526742
Full Stack Engineer,Labforward GmbH,"Berlin, Germany",https://stackoverflow.com/jobs/553112
Senior Fullstack Developer (m/w/d) - für E-Commerce Agentur in Bremen,hmmh multimediahaus AG,"Bremen, Deutschland",https://stackoverflow.com/jobs/527118
Fullstack Developer (m/w/d) remote,best it AG,"Berlin, Deutschland",https://stackoverflow.com/jobs/512059
Senior Back-End Engineer,Labforward GmbH,"Berlin, Germany",https://stackoverflow.com/jobs/500199
Senior Software Engineer- Order Management System- R10501,"Chewy, Inc.","Boston, MA",https://stackoverflow.com/jobs/555654
Web Developer wanting to join a fast growing company,BigChange Ltd,"Leeds, UK",https://stackoverflow.com/jobs/268103
Full-Stack Developer,FlexEarn,"London, UK",https://stackoverflow.com/jobs/485775
Full-Stack Developer C# .NET / Angular,digitalklang,"Berlin, Germany",https://stackoverflow.com/jobs/552150
Junior Software Engineer,Akselos S.A.,"Ho Chi Minh City, Vietnam",https://stackoverflow.com/jobs/411389
Werkstudent*in (w/m/d) - Softwareentwicklung,1&1 Mail & Media Applications SE - WEB.DE | GMX | 1&1 | mail.com,"Karlsruhe, Deutschland",https://stackoverflow.com/jobs/526847
Front-end Developer,HOTMART,"Belo Horizonte, Brazil",https://stackoverflow.com/jobs/526776
Senior Front-end Engineer,Reaktor,"Lisboa, Portugal",https://stackoverflow.com/jobs/554381
Software Engineering,"JPMorgan Chase Bank, N.A.","Chicago, IL",https://stackoverflow.com/jobs/555792
Javascript Engineer,Adaptavist,"London, UK",https://stackoverflow.com/jobs/522044
Remote: Contract Senior Frontend Engineer,The Sensible Code Company,"Belfast, UK",https://stackoverflow.com/jobs/553617
Mid Level C# Developer,Dynamic Planner,"Reading, UK",https://stackoverflow.com/jobs/538309
React / Python Full Stack Software Engineer,"JPMorgan Chase Bank, N.A.","Jersey City, NJ",https://stackoverflow.com/jobs/554980
Web Developer (m/f/d),Ravensburger AG,"Seattle, WA, USA",https://stackoverflow.com/jobs/497853
Software Developers -  Gaming Tech,Derivco.,"Douglas, Isle of Man",https://stackoverflow.com/jobs/551468
Senior Full-Stack Developer,Kodify Media Group,No office location,https://stackoverflow.com/jobs/542034
Senior Frontend Engineer,Hyperexponential,"London, UK",https://stackoverflow.com/jobs/554263
Senior Software Engineer - Frontend Engineer - Remote Optional,Tenet3,"Dayton, OH",https://stackoverflow.com/jobs/535000
Software Engineering,"JPMorgan Chase Bank, N.A.","Glasgow, UK",https://stackoverflow.com/jobs/555766
Front-end Developer,Jumbo Supermarkets,"Veghel, Netherlands",https://stackoverflow.com/jobs/535306
Principal Software Engineer (R9380),"Chewy, Inc.","Minneapolis, MN",https://stackoverflow.com/jobs/526632
Frontend Developer (m/w/d) – Karlsruhe oder 100% Remote,Sovendus GmbH,"Karlsruhe, Deutschland",https://stackoverflow.com/jobs/552514
Lead Software Engineer (Full Stack),"Jack Henry & Associates, Inc.®",No office location,https://stackoverflow.com/jobs/541319
Engineering Lead - Cairo - Egypt,Vezeeta,"Masr Al Jadidah, Egypt",https://stackoverflow.com/jobs/373791
Backend Engineer - Tradeshift Engage,Tradeshift,"Aarhus, Denmark",https://stackoverflow.com/jobs/526909
"Senior Software Engineer (3 Teams- PHP backend, Typescript and Frontend Team)",Virtasant Inc,No office location,https://stackoverflow.com/jobs/550229
Backend Developer (m/w/d) remote,best it AG,"Berlin, Deutschland",https://stackoverflow.com/jobs/513393
Frontend Entwickler (w/m/d) Angular / Typescript - bundesweit & Homeoffice,objective partner AG,"Weinheim, Deutschland",https://stackoverflow.com/jobs/550883
Intermediate Front-End Developer,Derivco.,"Umhlanga, South Africa",https://stackoverflow.com/jobs/528641
Senior Front End Developer,Cloudwise B.V.,"Woerden, Netherlands",https://stackoverflow.com/jobs/541477
UX / Front End Developer,"JPMorgan Chase Bank, N.A.","Tampa, FL",https://stackoverflow.com/jobs/555865
Software Engineer Web Front-end Product Development,ti&m AG,"Zürich, Schweiz",https://stackoverflow.com/jobs/522335
Staff Backend Engineer (US Only),"Pie Insurance Holdings, Inc.",No office location,https://stackoverflow.com/jobs/545527
DevOps Engineer,Invitae Corporation,"Boulder, CO",https://stackoverflow.com/jobs/522515
Remote Java Developer,O'Reilly Auto Parts,No office location,https://stackoverflow.com/jobs/554577
Software Entwickler (m/w/d) Schwerpunkt Scala / TypeScript / AWS,Süddeutsche Zeitung Digitale Medien GmbH,"München, Deutschland",https://stackoverflow.com/jobs/487076
"Full Stack Engineer(Java, Node.js, Docker, Kubernetes, Jenkins)",buildit,"Bengaluru, India",https://stackoverflow.com/jobs/552506
Contract Remote Java / React Developer (US Based Citizen/Green Card),Intevity,No office location,https://stackoverflow.com/jobs/551329
Full Stack Web Application / Software Developer (.NET) (m/w/d),JSP International,"Düsseldorf, Deutschland",https://stackoverflow.com/jobs/550550
Full Stack Java Developer - Angular/Microservices,"JPMorgan Chase Bank, N.A.","Plano, TX",https://stackoverflow.com/jobs/555862
Sr. UI Developer,"JPMorgan Chase Bank, N.A.","Plano, TX",https://stackoverflow.com/jobs/551955
Software Engineers,Eurovision Services,"Madrid, Spain",https://stackoverflow.com/jobs/504593
Software Engineering,"JPMorgan Chase Bank, N.A.","Houston, TX",https://stackoverflow.com/jobs/552459
Software Engineering,"JPMorgan Chase Bank, N.A.","Glasgow, UK",https://stackoverflow.com/jobs/553856
Frontend Engineer,SQUAD,"Kyiv, Ukraine",https://stackoverflow.com/jobs/518176
Lead / Senior Frontend Web Developer,Network Guard,Singapore,https://stackoverflow.com/jobs/527720
Full Stack Engineer,Labforward GmbH,"Berlin, Germany",https://stackoverflow.com/jobs/553112
"Java Software Engineer - Groovy, Grails and Bootstrap",Allied Outdoor Solutions,"Houston, TX",https://stackoverflow.com/jobs/552177
Senior Fullstack Developer (m/w/d) - für E-Commerce Agentur in Bremen,hmmh multimediahaus AG,"Bremen, Deutschland",https://stackoverflow.com/jobs/527118
Full-Stack Developer (React & Node.js),Seven Peaks Software,"Khwaeng Khlong Toei, Thailand",https://stackoverflow.com/jobs/474102
Senior Back-End Engineer,Labforward GmbH,"Berlin, Germany",https://stackoverflow.com/jobs/500199
"Senior JavaScript Engineer (Remote, Canada)",Fullscript,No office location,https://stackoverflow.com/jobs/555260
"Full Stack Software Engineer, Web Developer",People Data Labs,"San Francisco, CA",https://stackoverflow.com/jobs/552699
Sr. Software Engineer,Ceros,No office location,https://stackoverflow.com/jobs/545096
React - Front End Developer,Kindred Group PLC,"Stockholm, Sweden",https://stackoverflow.com/jobs/544512
React - Front End Developer,Kindred Group PLC,"London, UK",https://stackoverflow.com/jobs/544509
Front End Software Engineer,ErisX,"Chicago, IL",https://stackoverflow.com/jobs/546356
Full Stack Developer (m/w/d),"Sthree GmbHviaProgressive, ein Geschäftszweig der SThree GmbH","Dortmund, Deutschland",https://stackoverflow.com/jobs/524038
Full-Stack Developer C# .NET / Angular,digitalklang,"Berlin, Germany",https://stackoverflow.com/jobs/552150
Web Producer,Computer FuturesviaComputer Futures US,"San Francisco, CA",https://stackoverflow.com/jobs/525011
UX / Front End Developer,"JPMorgan Chase Bank, N.A.","Tampa, FL",https://stackoverflow.com/jobs/555865
Web Entwickler (m/w/d) mit React Erfahrung als Verstärkung gesucht,Bolinda Labs GmbH,"Darmstadt, Deutschland",https://stackoverflow.com/jobs/235595
React Developer (m/f/d),ProSiebenSat.1 Media SE,"München, Deutschland",https://stackoverflow.com/jobs/524218
Senior Software .Net Developer,SITA,"Dayton, OH",https://stackoverflow.com/jobs/548758
Sr. Front End Developer - Angular,"loanDepot, LLC","Irvine, CA",https://stackoverflow.com/jobs/505661
Backend Engineer -Working in Japan,LINE Fukuoka,"Fukuoka, Japan",https://stackoverflow.com/jobs/273843
Full Stack Java Developer - Angular/Microservices,"JPMorgan Chase Bank, N.A.","Plano, TX",https://stackoverflow.com/jobs/555862
Senior Professional Frontend Developer 80 - 100% (w/m),dormakaba International Holding AG,"Rümlang, Switzerland",https://stackoverflow.com/jobs/555128
Senior Full-stack Laravel/React/MySQL developer,Scalable Path,No office location,https://stackoverflow.com/jobs/533180
Web/Mobile Developer (m/w/d),Dedalus HealthCare Systems Group,"Trier, Deutschland",https://stackoverflow.com/jobs/482358
Software Engineer,"JPMorgan Chase Bank, N.A.","Plano, TX",https://stackoverflow.com/jobs/555775
Senior Software Engineer / Ruby or Elixir/ Remote,The RealReal,No office location,https://stackoverflow.com/jobs/522850
Developer Frontend/ Backend/ Fullstack m/w/d,MARC O'POLO International GmbH,"Stephanskirchen, Deutschland",https://stackoverflow.com/jobs/519513
Senior Software Developer Web (m/w/d) - Meckenheim (Bonn) / remote,"SThree Temp ExpertsviaProgressive, ein Geschäftszweig der SThree GmbH","Meckenheim, Deutschland",https://stackoverflow.com/jobs/524024
(Senior) Full Stack Engineer (f/m/d),CoachHub GmbH,No office location,https://stackoverflow.com/jobs/504203
Frontend Engineer (Angular) - Cloud Telephony (m/f/d),NFON AG,"Berlin, Deutschland",https://stackoverflow.com/jobs/505668
Senior Webentwickler/in (80-100%),bbv Software Services AG,"Zürich, Schweiz",https://stackoverflow.com/jobs/431192
Software Engineer (C++ and/or Java),"JPMorgan Chase Bank, N.A.","Houston, TX",https://stackoverflow.com/jobs/553513
Backend Engineer - Tradeshift Engage,Tradeshift,"Aarhus, Denmark",https://stackoverflow.com/jobs/526909
Java Fullstack Entwickler (w/m/d) - bundesweit & Homeoffice,objective partner AG,"Weinheim, Deutschland",https://stackoverflow.com/jobs/550879
"Senior Software Engineer (3 Teams- PHP backend, Typescript and Frontend Team)",Virtasant Inc,No office location,https://stackoverflow.com/jobs/550229
Java Software engineer,ProgressiveviaProgressive Staffing Netherlands,"Amsterdam, Netherlands",https://stackoverflow.com/jobs/530992
Full Stack Developer,Banjo Robinson,"London, UK",https://stackoverflow.com/jobs/554524
Front End Engineer,"JPMorgan Chase Bank, N.A.","Plano, TX",https://stackoverflow.com/jobs/554205
Java Software Engineer,"JPMorgan Chase Bank, N.A.","Columbus, OH",https://stackoverflow.com/jobs/553176
Junior Java fejlesztő,UNIQA Raiffeisen Software Service Kft.,"Budapest, Ungarn",https://stackoverflow.com/jobs/515491
Senior Front End Developer,Cloudwise B.V.,"Woerden, Netherlands",https://stackoverflow.com/jobs/541477
Software Engineering,"JPMorgan Chase Bank, N.A.","Jersey City, NJ",https://stackoverflow.com/jobs/554639
Cloud Native Java Software Engineering,"JPMorgan Chase Bank, N.A.","Chicago, IL",https://stackoverflow.com/jobs/552671
Senior Software Engineer - Full Stack Java,MUFG,"Tempe, AZ",https://stackoverflow.com/jobs/534773
Full Stack Senior Software Engineer,"JPMorgan Chase Bank, N.A.","Chicago, IL",https://stackoverflow.com/jobs/551890
Software Engineering,"JPMorgan Chase Bank, N.A.","Jersey City, NJ",https://stackoverflow.com/jobs/554639
Cloud Native Java Software Engineering,"JPMorgan Chase Bank, N.A.","Chicago, IL",https://stackoverflow.com/jobs/552671
Senior Software Engineer - Full Stack Java,MUFG,"Tempe, AZ",https://stackoverflow.com/jobs/534773
Full Stack Entwickler (m/w/d) mit React und Spring Boot als Verstärkung gesucht,Bolinda Labs GmbH,"Darmstadt, Deutschland",https://stackoverflow.com/jobs/252224
C# Webentwickler,MENTZ GmbH,"München, Deutschland",https://stackoverflow.com/jobs/515965
Full-Stack-Entwickler in der Multimedia-Redaktion (m/w/d),Frankfurter Allgemeine Zeitung GmbH (F.A.Z.),"Frankfurt am Main, Deutschland",https://stackoverflow.com/jobs/546692
Front end Data Visualisation Engineer,Neo4j,"London, UK",https://stackoverflow.com/jobs/501802
Senior C# Full stack S/W Developer,Dynamic Planner,"Reading, UK",https://stackoverflow.com/jobs/538306
JavaScript Developer (m/w/d) Full Stack,ZEIT Verlagsgruppe,"München, Deutschland",https://stackoverflow.com/jobs/545914
Frontend Entwickler (w/m/d) React / JavaScript - bundesweit & Homeoffice,objective partner AG,"Weinheim, Deutschland",https://stackoverflow.com/jobs/550884
Sr. UI Developer,"JPMorgan Chase Bank, N.A.","Plano, TX",https://stackoverflow.com/jobs/551955
Sr. Web Developer - Knowledge Graphs,Esri,"Redlands, CA",https://stackoverflow.com/jobs/523773
Lead / Senior Frontend Web Developer,Network Guard,Singapore,https://stackoverflow.com/jobs/527720
Softwareentwickler Frontend (w/m/d) Karlsruhe/Bielefeld,STARFACE GmbH,"Karlsruhe, Deutschland",https://stackoverflow.com/jobs/546434
Software Engineering,"JPMorgan Chase Bank, N.A.","Houston, TX",https://stackoverflow.com/jobs/552459
Senior Full-Stack Developer,Derivco.,"Umhlanga, South Africa",https://stackoverflow.com/jobs/528652
"Vice President, Software Engineering (Front-end) | Corporate & Investment Banking...","JPMorgan Chase Bank, N.A.","Plano, TX",https://stackoverflow.com/jobs/554487
Senior Frontend Engineer | Angular or React | Barcelona,Dynatrace,"Barcelona, Spain",https://stackoverflow.com/jobs/546676
Software Engineering - Full Stack Java,"JPMorgan Chase Bank, N.A.","Jersey City, NJ",https://stackoverflow.com/jobs/554791
Software Architect,Derivco.,"Umhlanga, South Africa",https://stackoverflow.com/jobs/528637
Software Engineer - Java / Oracle,MUFG,"Tempe, AZ",https://stackoverflow.com/jobs/538133
Java Software Engineer,"JPMorgan Chase Bank, N.A.","Chicago, IL",https://stackoverflow.com/jobs/554007
Software Engineering - Lead,"JPMorgan Chase Bank, N.A.","Tampa, FL",https://stackoverflow.com/jobs/554937
Développeur Angular / Java,Digital4Better,"Paris, France",https://stackoverflow.com/jobs/515925
Java FullStack SE - Looking to disrupt the Mortgage Industry!,"Cardinal Financial Company, LP",No office location,https://stackoverflow.com/jobs/350467
Java Fullstack Entwickler (w/m/d) - bundesweit & Homeoffice,objective partner AG,"Weinheim, Deutschland",https://stackoverflow.com/jobs/550879
Full Stack Developer,Banjo Robinson,"London, UK",https://stackoverflow.com/jobs/554524
Senior Web Angular Developer,MHR,"Nottingham, UK",https://stackoverflow.com/jobs/524829
Software-Entwickler mit Web- & App-Schwerpunkt (m/w/d),Method Park,"Erlangen, Deutschland",https://stackoverflow.com/jobs/526320
Frontend Entwickler (w/m/d) Angular / Typescript - bundesweit & Homeoffice,objective partner AG,"Weinheim, Deutschland",https://stackoverflow.com/jobs/550883
Backend Engineer -Working in Japan,LINE Fukuoka,"Fukuoka, Japan",https://stackoverflow.com/jobs/273843
Software Engineering - Capacity Analytics,"JPMorgan Chase Bank, N.A.","Plano, TX",https://stackoverflow.com/jobs/553378
Software Engineer (Java and/or C++),"JPMorgan Chase Bank, N.A.","Houston, TX",https://stackoverflow.com/jobs/552478
Tech Lead Backend Development (m/f/d),"AppLike Group - justDice, adjoe and Sunday","Hamburg, Deutschland",https://stackoverflow.com/jobs/531049
Software Engineer - Java,"JPMorgan Chase Bank, N.A.","Glasgow, UK",https://stackoverflow.com/jobs/555060
Software Engineering,"JPMorgan Chase Bank, N.A.","Jersey City, NJ",https://stackoverflow.com/jobs/554639
Full Stack Engineer (Application Engineer),Rakuten,"Setagaya City, Japan",https://stackoverflow.com/jobs/527726
Senior Java Software Engineer - Team Lead,"JPMorgan Chase Bank, N.A.","Houston, TX",https://stackoverflow.com/jobs/554475
C# Webentwickler,MENTZ GmbH,"München, Deutschland",https://stackoverflow.com/jobs/515965
Senior Software Engineer - Macro Markets & Alternative Data,Bloomberg LP,"New York, NY",https://stackoverflow.com/jobs/523353
Senior Software Engineer,"JPMorgan Chase Bank, N.A.","Wilmington, DE",https://stackoverflow.com/jobs/554011
Senior Software Engineer,"JPMorgan Chase Bank, N.A.","Wilmington, DE",https://stackoverflow.com/jobs/554010
MOBILE APP DEVELOPER (m/w/x),Axess AG,"Anif, Österreich",https://stackoverflow.com/jobs/457890
AEM Lead Developer,"JPMorgan Chase Bank, N.A.","Jersey City, NJ",https://stackoverflow.com/jobs/553396
Senior JavaScript Developer,Accenture Romania,"Bucharest, Romania",https://stackoverflow.com/jobs/525564
Senior Frontend Entwickler mit Schwerpunkt Angular (m/w/d),Flossbach von Storch AG,"Köln, Deutschland",https://stackoverflow.com/jobs/553418
Software Engineering,"JPMorgan Chase Bank, N.A.","Chicago, IL",https://stackoverflow.com/jobs/553677
Sr. Web Developer - Knowledge Graphs,Esri,"Redlands, CA",https://stackoverflow.com/jobs/523773
Front End Developer (m/f/d) REMOTE possible,Retresco GmbH,"Berlin, Deutschland",https://stackoverflow.com/jobs/487856
React/JS Full Stack Developer,"JPMorgan Chase Bank, N.A.","Houston, TX",https://stackoverflow.com/jobs/553212
Lead Software Engineer,"JPMorgan Chase Bank, N.A.","Wilmington, DE",https://stackoverflow.com/jobs/554008
Senior Software Engineer - Macro Markets & Alternative Data,Bloomberg LP,"New York, NY",https://stackoverflow.com/jobs/523353
Senior Software Engineer,"JPMorgan Chase Bank, N.A.","Wilmington, DE",https://stackoverflow.com/jobs/554011
Senior Software Engineer,Viva Wallet,"Marousi, Greece",https://stackoverflow.com/jobs/541474
Senior Frontend Entwickler mit Schwerpunkt Angular (m/w/d),Flossbach von Storch AG,"Köln, Deutschland",https://stackoverflow.com/jobs/553418
Software Engineering,"JPMorgan Chase Bank, N.A.","Jersey City, NJ",https://stackoverflow.com/jobs/553980
Software Engineering - ACE 1,"JPMorgan Chase Bank, N.A.","Plano, TX",https://stackoverflow.com/jobs/554941
Senior Frontend Engineer (React),Rodeo,"Amsterdam, Netherlands",https://stackoverflow.com/jobs/516002
Principal Software Engineer (Fully Remote) E-Comm experience required,The RealReal,"San Francisco, CA",https://stackoverflow.com/jobs/524509
Software Engineering,"JPMorgan Chase Bank, N.A.","Glasgow, UK",https://stackoverflow.com/jobs/555227
Mid Level Software Engineer,Synaptech,"Colorado Springs, CO",https://stackoverflow.com/jobs/553468
E-Trading Application Developer (Java/C++/Front-End),"JPMorgan Chase Bank, N.A.","Chicago, IL",https://stackoverflow.com/jobs/553681
Software Engineer Fullstack,PedidosYa,No office location,https://stackoverflow.com/jobs/553001
UX Developer,Portland Webworks,"Portland, ME",https://stackoverflow.com/jobs/524306
Web Engineer,Numbrs,No office location,https://stackoverflow.com/jobs/524105
"PHP, Symfony, Sylius Junior Software Entwickler (m/w) 80-10",cloudtec AG,"Bern, Schweiz",https://stackoverflow.com/jobs/546432
Software Engineering,"JPMorgan Chase Bank, N.A.","Wilmington, DE",https://stackoverflow.com/jobs/554794
"(100% Remote) Senior Front-end Engineer, Growth Engineering Squad",Toptal,No office location,https://stackoverflow.com/jobs/534698
Associate Software Engineer,FinancialForce.com,No office location,https://stackoverflow.com/jobs/493905
Senior Full Stack Software Engineer,Daily Kos,"Oakland, CA",https://stackoverflow.com/jobs/555460
Senior Full Stack Engineer,Just eat Takeaway.com,"London, UK",https://stackoverflow.com/jobs/549101
Software Engineer - Java,"JPMorgan Chase Bank, N.A.","Glasgow, UK",https://stackoverflow.com/jobs/553524
Software Engineer ( JADE Catalog ) - Java - VP,"JPMorgan Chase Bank, N.A.","Glasgow, UK",https://stackoverflow.com/jobs/554638
Fullstack Java Developer - for a cloud-based language training solution,Speexx,No office location,https://stackoverflow.com/jobs/521936
Software Engineer,"JPMorgan Chase Bank, N.A.","Wilmington, DE",https://stackoverflow.com/jobs/554017
Senior FrontEnd Engineer - Angular,Hearst Magazines,"Chicago, IL",https://stackoverflow.com/jobs/491611
Software Engineering,"JPMorgan Chase Bank, N.A.","Jersey City, NJ",https://stackoverflow.com/jobs/554021
Software Engineer,"JPMorgan Chase Bank, N.A.","Wilmington, DE",https://stackoverflow.com/jobs/554016
JavaScript Developer (m/w/d) Full Stack,ZEIT Verlagsgruppe,"München, Deutschland",https://stackoverflow.com/jobs/545914
Senior Frontend Developer who loves to work on the Green Energy Transformation,HYDROGRID GmbH,"Vienna, Austria",https://stackoverflow.com/jobs/551865
Web developer,Intel Corporation,"Moscow, Russia",https://stackoverflow.com/jobs/530450
Frontend Entwickler:in,HUK-COBURG Versicherungsgruppe,"Coburg, Deutschland",https://stackoverflow.com/jobs/550610
Senior Front End Developer,Kindred Group PLC,Gibraltar,https://stackoverflow.com/jobs/554862
VP - Senior Software Engineer - Full Stack Developer,"JPMorgan Chase Bank, N.A.","Jersey City, NJ",https://stackoverflow.com/jobs/554143
KI-Entwickler (m/d/w),CompuGroup Medical Deutschland AGviaComputer Futures Solutions GmbH,"Koblenz, Deutschland",https://stackoverflow.com/jobs/524932
Senior Software Engineer,Viva Wallet,"Marousi, Greece",https://stackoverflow.com/jobs/541474
Java Software Engineer- Cloud,"JPMorgan Chase Bank, N.A.","Wilmington, DE",https://stackoverflow.com/jobs/553936
Software Engineer - Java - VP,"JPMorgan Chase Bank, N.A.","Glasgow, UK",https://stackoverflow.com/jobs/555686
Senior Frontend Engineer (React),Rodeo,"Amsterdam, Netherlands",https://stackoverflow.com/jobs/516002
"Senior Fullstack Engineer (Java, Angular)",Celonis,"Munich, Germany",https://stackoverflow.com/jobs/551992
Software Engineering,"JPMorgan Chase Bank, N.A.","Glasgow, UK",https://stackoverflow.com/jobs/555227
Senior Software Engineer Magnolia CMS,ti&m AG,"Zürich, Schweiz",https://stackoverflow.com/jobs/522313
Software Engineering,"JPMorgan Chase Bank, N.A.","Jersey City, NJ",https://stackoverflow.com/jobs/555351
Senior Full Stack Software Engineer,"JPMorgan Chase Bank, N.A.","Chicago, IL",https://stackoverflow.com/jobs/551891
Senior ReactJS UI/UX Developer,"JPMorgan Chase Bank, N.A.","Houston, TX",https://stackoverflow.com/jobs/553701
Full Stack JavaScript Engineer,"JPMorgan Chase Bank, N.A.","Columbus, OH",https://stackoverflow.com/jobs/551974
Senior Webentwickler/in (80-100%),bbv Software Services AG,"Zürich, Schweiz",https://stackoverflow.com/jobs/431192
Remote Experienced Frontend Engineer - React,"Theorem, LLC",No office location,https://stackoverflow.com/jobs/545691
Full Stack Engineer (Application Engineer),Rakuten,"Setagaya City, Japan",https://stackoverflow.com/jobs/527726
Senior UI/UX Developer,"JPMorgan Chase Bank, N.A.","Houston, TX",https://stackoverflow.com/jobs/553333
Medior/Senior .NET Developer (verschillende locaties in Vlaanderen),Cegeka Group,"Brussels, Belgium",https://stackoverflow.com/jobs/467789
Java Software Engineer,"JPMorgan Chase Bank, N.A.","Columbus, OH",https://stackoverflow.com/jobs/553176
Full Stack Engineer - Javascript / React - VP,"JPMorgan Chase Bank, N.A.","London, UK",https://stackoverflow.com/jobs/555573
Senior Test Automation Engineer (m/f/d),PAYBACK,"München, Deutschland",https://stackoverflow.com/jobs/542160
Full Stack Java Developer,"JPMorgan Chase Bank, N.A.","Plano, TX",https://stackoverflow.com/jobs/555404
Software Engineering,"JPMorgan Chase Bank, N.A.","Columbus, OH",https://stackoverflow.com/jobs/553179
Java/Angular Full Stack Software Engineer,"JPMorgan Chase Bank, N.A.","Houston, TX",https://stackoverflow.com/jobs/554731
Fullstack Developer (m/w/d),OBI Group Holding SE & Co. KGaA,"Köln, Deutschland",https://stackoverflow.com/jobs/533992
Software Entwickler (m/w/d) Java Webtechnologien,diconium GmbHviaComputer Futures Solutions GmbH,"Stuttgart, Deutschland",https://stackoverflow.com/jobs/526166
Software Developer: Java/Scala/Spring-Framework,"JPMorgan Chase Bank, N.A.","Jersey City, NJ",https://stackoverflow.com/jobs/554761
Senior Software Engineer - Equity,Bloomberg LP,"New York, NY",https://stackoverflow.com/jobs/516632
TypeScript Developer,Gamesys Group,"London, UK",https://stackoverflow.com/jobs/530147
Cloud Native Java Software Engineering,"JPMorgan Chase Bank, N.A.","Chicago, IL",https://stackoverflow.com/jobs/552671
Backend Developer PPaaS H/F,Worldline,"Paris, France",https://stackoverflow.com/jobs/521806
Software Engineering - ACE 3,"JPMorgan Chase Bank, N.A.","Plano, TX",https://stackoverflow.com/jobs/555621
Front-End Engineer,Mixam,"Watford, UK",https://stackoverflow.com/jobs/523992
Full Stack Developer,Ensign InfoSecurity (Cybersecurity) Pte Ltd,Singapore,https://stackoverflow.com/jobs/534276
Software Engineer,"JPMorgan Chase Bank, N.A.","Wilmington, DE",https://stackoverflow.com/jobs/555187
Software Engineering Lead,"JPMorgan Chase Bank, N.A.","Chicago, IL",https://stackoverflow.com/jobs/553302
Sr. Java Full-Stack Developer,"JPMorgan Chase Bank, N.A.","Houston, TX",https://stackoverflow.com/jobs/554815
Software Engineering - Java,"JPMorgan Chase Bank, N.A.","Glasgow, UK",https://stackoverflow.com/jobs/553572
Java UI/UX Developer,"JPMorgan Chase Bank, N.A.","Plano, TX",https://stackoverflow.com/jobs/555403
Software Engineer,"JPMorgan Chase Bank, N.A.","Wilmington, DE",https://stackoverflow.com/jobs/554018
Software Engineer - QA Automation,"JPMorgan Chase Bank, N.A.","Plano, TX",https://stackoverflow.com/jobs/553161
Senior Web Applications Engineer with NodeJS and React,"JPMorgan Chase Bank, N.A.","Houston, TX",https://stackoverflow.com/jobs/554734
Software Engineering Lead,"JPMorgan Chase Bank, N.A.","Chicago, IL",https://stackoverflow.com/jobs/553302
Sr. Java Full-Stack Developer,"JPMorgan Chase Bank, N.A.","Houston, TX",https://stackoverflow.com/jobs/554815
Software Engineer - QA Automation,"JPMorgan Chase Bank, N.A.","Plano, TX",https://stackoverflow.com/jobs/553161
Core Java Software Engineer,"JPMorgan Chase Bank, N.A.","Jersey City, NJ",https://stackoverflow.com/jobs/554156
Fullstack Web-Developer (m/w/d) heise online,Heise Medien GmbH & Co. KG,"Hannover, Deutschland",https://stackoverflow.com/jobs/555315
Associate Software Engineer,FinancialForce.com,No office location,https://stackoverflow.com/jobs/493905
Senior Full Stack Engineer,Just eat Takeaway.com,"London, UK",https://stackoverflow.com/jobs/549101
Java Software Engineer,"JPMorgan Chase Bank, N.A.","Chicago, IL",https://stackoverflow.com/jobs/554007
Full Stack Java Engineer,"JPMorgan Chase Bank, N.A.","Jersey City, NJ",https://stackoverflow.com/jobs/553873
Senior Shopware Entwickler (m/w/d),BUCS IT GmbH,"Wuppertal, Deutschland",https://stackoverflow.com/jobs/545622
Software-Entwickler & Software-Architekt (m/w/d),Method Park,"München, Deutschland",https://stackoverflow.com/jobs/548553
Front-end Developer (f/m/d) Remote - WordPress Enterprise Projects,Inpsyde GmbH,No office location,https://stackoverflow.com/jobs/229477
(Senior) Frontend Developer (f/m/x),diconium group,"Stuttgart, Deutschland",https://stackoverflow.com/jobs/552133
Senior Front End Engineer,"JPMorgan Chase Bank, N.A.","Chicago, IL",https://stackoverflow.com/jobs/554949
Full Stack Developer (m/w/d),Dedalus HealthCare Systems Group,"Trier, Deutschland",https://stackoverflow.com/jobs/482360
Java Developer - Spring boot / Microservices,"JPMorgan Chase Bank, N.A.","Plano, TX",https://stackoverflow.com/jobs/553537
Angular/React UI Software Engineer Lead,"JPMorgan Chase Bank, N.A.","Plano, TX",https://stackoverflow.com/jobs/552864
Software Engineering - ACE 2,"JPMorgan Chase Bank, N.A.","Plano, TX",https://stackoverflow.com/jobs/553277
Senior Java Software Developer - Architecture Governance,"JPMorgan Chase Bank, N.A.","Wilmington, DE",https://stackoverflow.com/jobs/554151
JAVA-Microservices Software Engineer,"JPMorgan Chase Bank, N.A.","Wilmington, DE",https://stackoverflow.com/jobs/553953
Lead Software Engineer,"JPMorgan Chase Bank, N.A.","Wilmington, DE",https://stackoverflow.com/jobs/554009
Senior FrontEnd Engineer - Angular,Hearst Magazines,"Chicago, IL",https://stackoverflow.com/jobs/491611
React/Javascript Frontend Senior Developer,Providus Technologies Limited,"Quatre Bornes, Mauritius",https://stackoverflow.com/jobs/518632
Software Engineer,Skylight,"Sarasota, FL",https://stackoverflow.com/jobs/552823
Java Software Engineer (Spring),"JPMorgan Chase Bank, N.A.","Houston, TX",https://stackoverflow.com/jobs/552104
Senior Java Software Developer - Architecture Governance,"JPMorgan Chase Bank, N.A.","Wilmington, DE",https://stackoverflow.com/jobs/554151
JAVA-Microservices Software Engineer,"JPMorgan Chase Bank, N.A.","Wilmington, DE",https://stackoverflow.com/jobs/553953
Lead Software Engineer,"JPMorgan Chase Bank, N.A.","Wilmington, DE",https://stackoverflow.com/jobs/554009
React/Javascript Frontend Senior Developer,Providus Technologies Limited,"Quatre Bornes, Mauritius",https://stackoverflow.com/jobs/518632
Software Engineer,Skylight,"Sarasota, FL",https://stackoverflow.com/jobs/552823
Senior AEM Developer,AIR MILES,"Toronto, ON, Canada",https://stackoverflow.com/jobs/539248
Softwareentwickler C# (m/w/d),Multi Leiterplatten GmbH',"Brunnthal, Germany",https://stackoverflow.com/jobs/550738
Java/C++ Software Engineer - Prepaid Card,"JPMorgan Chase Bank, N.A.","Tampa, FL",https://stackoverflow.com/jobs/555416
"Salesforce Developer, Enterprise Applications",Quantcast,"San Francisco, CA",https://stackoverflow.com/jobs/442204
Sr React Software Engineer,"JPMorgan Chase Bank, N.A.","Houston, TX",https://stackoverflow.com/jobs/553899
UI Developer Lead,"JPMorgan Chase Bank, N.A.","Jersey City, NJ",https://stackoverflow.com/jobs/555518
Senior Backend Developer (m/w/d),best it AG,"Berlin, Deutschland",https://stackoverflow.com/jobs/349422
Angular/React UI Software Engineer Lead,"JPMorgan Chase Bank, N.A.","Plano, TX",https://stackoverflow.com/jobs/553305
Senior Development Engineer (Android),Rain Bird Corporation,"San Diego, CA",https://stackoverflow.com/jobs/555339
Software Engineering - ACE 4,"JPMorgan Chase Bank, N.A.","Plano, TX",https://stackoverflow.com/jobs/553242
Java Developer,"JPMorgan Chase Bank, N.A.","Plano, TX",https://stackoverflow.com/jobs/553540
Senior Full Stack Laravel & Vue.js,Worksome ApS,"København, Denmark",https://stackoverflow.com/jobs/503422
Lead Software Engineer,"JPMorgan Chase Bank, N.A.","Wilmington, DE",https://stackoverflow.com/jobs/553708
Full Stack PHP Engineer,"Slickdeals, LLC","Las Vegas, NV",https://stackoverflow.com/jobs/359259
Lead Software Engineer,"JPMorgan Chase Bank, N.A.","Wilmington, DE",https://stackoverflow.com/jobs/554008
Software-Entwickler C# / .NET (m/w/d) – Medizintechnik,Method Park,"Erlangen, Deutschland",https://stackoverflow.com/jobs/548555
VP - Lead Software Engineer,"JPMorgan Chase Bank, N.A.","Plano, TX",https://stackoverflow.com/jobs/553694
React Frontend Entwickler (m/w/d),atene KOMviaComputer Futures Solutions GmbH,"Berlin, Germany",https://stackoverflow.com/jobs/503123
(Senior) Frontend Engineer,Meshcloud GmbH,"Frankfurt am Main, Deutschland",https://stackoverflow.com/jobs/555603
Java/Spring Software Engineer,"JPMorgan Chase Bank, N.A.","Houston, TX",https://stackoverflow.com/jobs/552890
Front-end developer PPaaS H/F,Worldline,"Suresnes, France",https://stackoverflow.com/jobs/551281
PHP (FullStack) Entwickler (m/w/d) 100% Remote,Computer FuturesviaComputer Futures Solutions GmbH,"Dortmund, Germany",https://stackoverflow.com/jobs/524216
Fullstack Java Developer - for a cloud-based language training solution,Speexx,No office location,https://stackoverflow.com/jobs/521936
Java Web Developer (f/m/d),1&1 Mail & Media Applications SE - WEB.DE | GMX | 1&1 | mail.com,"München, Deutschland",https://stackoverflow.com/jobs/554693
Senior Backend Engineer (PHP),Insider,"Berlin, Germany",https://stackoverflow.com/jobs/551195
Solutions Support Engineer - US Only,Jeeng,No office location,https://stackoverflow.com/jobs/552875
ServiceNow Infrastructure Developer,"JPMorgan Chase Bank, N.A.","Columbus, OH",https://stackoverflow.com/jobs/552943
Java-Web-Entwickler (w/m/d),parcIT GmbH,"Köln, Deutschland",https://stackoverflow.com/jobs/524192
IOS Developer - Object-C and Swift,Cornershop,"São Paulo, Brazil",https://stackoverflow.com/jobs/515694
Vice President - Full Stack Software Engineer,"JPMorgan Chase Bank, N.A.","Plano, TX",https://stackoverflow.com/jobs/553793
Softwareentwickler C# / .NET Backend (m/w/d),ifm-Unternehmensgruppe,"Zwickau, Deutschland",https://stackoverflow.com/jobs/531443
Senior JavaScript Developer - Engage,Gamesys Group,"London, UK",https://stackoverflow.com/jobs/533097
Mid/Senior Full Stack Developer,"V Studios, Inc.","Washington, DC",https://stackoverflow.com/jobs/552030
Junior Front End Developer,Vodafone,"London, UK",https://stackoverflow.com/jobs/537073
Java UI/UX Developer,"JPMorgan Chase Bank, N.A.","Plano, TX",https://stackoverflow.com/jobs/555403
Software Developer Team Lead,Derivco.,"Umhlanga, South Africa",https://stackoverflow.com/jobs/528640
Senior .NET Developer,Accenture Romania,No office location,https://stackoverflow.com/jobs/550598
Software Engineering - Java,"JPMorgan Chase Bank, N.A.","Glasgow, UK",https://stackoverflow.com/jobs/553572
Senior Java Entwickler/ Architekt (m/w/d),Optica Abrechnungszentrum Dr Güldener GmbHviaComputer Futures Solutions GmbH,"Stuttgart, Deutschland",https://stackoverflow.com/jobs/539720
JAVA Full Stack Web Application Developer – Entry Level & Internships,LBi Software,"Melville, NY",https://stackoverflow.com/jobs/521892
Backend Developer (m/w/d),best it AG,"Berlin, Deutschland",https://stackoverflow.com/jobs/365057
Senior Technical Support Engineer,emerchantpay,"Sofia, Bulgaria",https://stackoverflow.com/jobs/519479
Web-Softwareentwickler (m/w/d) – Business Intelligence und Dashboards,aruba informatik GmbH,"Fellbach, Deutschland",https://stackoverflow.com/jobs/550190
"Senior iOS Engineer, Frontier",Adevinta,"Barcelona, Spain",https://stackoverflow.com/jobs/538592
Java Developer,"JPMorgan Chase Bank, N.A.","Plano, TX",https://stackoverflow.com/jobs/553540
"Middle JavaScript Engineer, Autohero (f/m/x)",AUTO1,No office location,https://stackoverflow.com/jobs/552323
Senior Software-Entwickler JAVA (m/w/d),X-CELL AG,"Düsseldorf, Deutschland",https://stackoverflow.com/jobs/554371
Senior C# Entwickler (m/w),Computer FuturesviaComputer Futures Solutions GmbH,"Berlin, Germany",https://stackoverflow.com/jobs/522772
Salesforce Marketing Developer - Chase Auto,"JPMorgan Chase Bank, N.A.","Wilmington, DE",https://stackoverflow.com/jobs/553766
Frontend Developer,Jobandtalent,"Madrid, Spain",https://stackoverflow.com/jobs/533664
Lead Java Software Engineer,"JPMorgan Chase Bank, N.A.","Columbus, OH",https://stackoverflow.com/jobs/553761
Software Engineering,"JPMorgan Chase Bank, N.A.","Glasgow, UK",https://stackoverflow.com/jobs/554431
Senior ServiceNow Developer,"IndraSoft, Inc","Annapolis Junction, MD",https://stackoverflow.com/jobs/481214
"Senior Engineer, Web",Homer,No office location,https://stackoverflow.com/jobs/555329
Webentwickler (m/w/d) / Informatiker (m/w/d),Bayerisches Landesamt für Gesundheit & Lebensmittelsicherheit,"Erlangen, Deutschland",https://stackoverflow.com/jobs/545677
Software Engineer - Full Stack,"JPMorgan Chase Bank, N.A.","Plano, TX",https://stackoverflow.com/jobs/554512
C++ / Embedded Linux Entwickler (m/w/d),Method Park,"München, Deutschland",https://stackoverflow.com/jobs/546448
Lead Software Engineer,Vodafone,"London, UK",https://stackoverflow.com/jobs/533128
Frontend Entwickler (m/w/d),MT AG - enabling the adaptive enterprise,"Ratingen, Deutschland",https://stackoverflow.com/jobs/518379
Frontend/Web-Entwickler mit dem Schwerpunkt WordPress (m/w/d),onOffice GmbH,No office location,https://stackoverflow.com/jobs/552287
Chase.com Public Content Production Front-end Web Developer,"JPMorgan Chase Bank, N.A.","Chicago, IL",https://stackoverflow.com/jobs/555370
Senior C++ Software-Entwickler (m/w/d),LaVision BioTec GmbH,"Bielefeld, Deutschland",https://stackoverflow.com/jobs/551459
Frontend Developer E-Commerce (m/w/d),Peek & Cloppenburg,"Düsseldorf, Germany",https://stackoverflow.com/jobs/532899
iOS / Swift Developer (Remote),X-Team,No office location,https://stackoverflow.com/jobs/534448
Mobile Developer (m/w/d) Android und iOS,AUSY Technologies Germany AG,"München, Deutschland",https://stackoverflow.com/jobs/482932
Full Stack Developer Lead (Front End),"JPMorgan Chase Bank, N.A.","Plano, TX",https://stackoverflow.com/jobs/554603
Technical Team Lead - React/Full Stack for Data Engineering,"JPMorgan Chase Bank, N.A.","Jersey City, NJ",https://stackoverflow.com/jobs/552420
UI Developer,"JPMorgan Chase Bank, N.A.","Plano, TX",https://stackoverflow.com/jobs/552910
Infrastructure Engineering,"JPMorgan Chase Bank, N.A.","Jersey City, NJ",https://stackoverflow.com/jobs/555555
Full Stack Developer (Front End) 602,"JPMorgan Chase Bank, N.A.","Plano, TX",https://stackoverflow.com/jobs/555525
Frontend Entwickler (m/w/d),MT AG - enabling the adaptive enterprise,"Ratingen, Deutschland",https://stackoverflow.com/jobs/518379
Senior Front End (UI) Developer,Hearst Magazines,"Washington, DC",https://stackoverflow.com/jobs/500818
Lead Java Software Engineer,"JPMorgan Chase Bank, N.A.","Columbus, OH",https://stackoverflow.com/jobs/553761
Software Engineering,"JPMorgan Chase Bank, N.A.","Glasgow, UK",https://stackoverflow.com/jobs/554431
Fullstack Engineer,WeLab Bank Limited,Hong Kong,https://stackoverflow.com/jobs/523209
Senior ServiceNow Developer,"IndraSoft, Inc","Annapolis Junction, MD",https://stackoverflow.com/jobs/481214
Senior ReactJS Engineer,"JPMorgan Chase Bank, N.A.","Houston, TX",https://stackoverflow.com/jobs/555553
Senior Java Engineer,"JPMorgan Chase Bank, N.A.","Chicago, IL",https://stackoverflow.com/jobs/555797
"Senior Engineer, Web",Homer,No office location,https://stackoverflow.com/jobs/555329
Lead Software Engineer,Vodafone,"London, UK",https://stackoverflow.com/jobs/533128
Software Engineer - Full Stack,"JPMorgan Chase Bank, N.A.","Plano, TX",https://stackoverflow.com/jobs/554511
Webentwickler (m/w/d) / Informatiker (m/w/d),Bayerisches Landesamt für Gesundheit & Lebensmittelsicherheit,"Erlangen, Deutschland",https://stackoverflow.com/jobs/545677
Software Engineer - Full Stack,"JPMorgan Chase Bank, N.A.","Plano, TX",https://stackoverflow.com/jobs/554512
C++ / Embedded Linux Entwickler (m/w/d),Method Park,"München, Deutschland",https://stackoverflow.com/jobs/546448
Frontend/Web-Entwickler mit dem Schwerpunkt WordPress (m/w/d),onOffice GmbH,No office location,https://stackoverflow.com/jobs/552287
Chase.com Public Content Production Front-end Web Developer,"JPMorgan Chase Bank, N.A.","Chicago, IL",https://stackoverflow.com/jobs/555370
Kundenberater (m/w/d) eGovernment,Anstalt für Kommunale Datenverarbeitung in Bayern (AKDB),"München, Deutschland",https://stackoverflow.com/jobs/546331
Senior C++ Software-Entwickler (m/w/d),LaVision BioTec GmbH,"Bielefeld, Deutschland",https://stackoverflow.com/jobs/551459
iOS / Swift Developer (Remote),X-Team,No office location,https://stackoverflow.com/jobs/534448
Mobile Developer (m/w/d) Android und iOS,AUSY Technologies Germany AG,"München, Deutschland",https://stackoverflow.com/jobs/482932
Full Stack Developer Lead (Front End),"JPMorgan Chase Bank, N.A.","Plano, TX",https://stackoverflow.com/jobs/554603
Front End Developer - Engage,Gamesys Group,"London, UK",https://stackoverflow.com/jobs/533094
UI Developer,"JPMorgan Chase Bank, N.A.","Plano, TX",https://stackoverflow.com/jobs/552910
Java/J2EE Software Engineer,"JPMorgan Chase Bank, N.A.","Houston, TX",https://stackoverflow.com/jobs/554614
Senior Full Stack developer (Java/React) - DNA,"JPMorgan Chase Bank, N.A.","Glasgow, UK",https://stackoverflow.com/jobs/554763
QA Engineer,"JPMorgan Chase Bank, N.A.","Columbus, OH",https://stackoverflow.com/jobs/555552
Wir suchen Sie als Angular Entwickler!,ViA-Online GmbH,"Krefeld, Deutschland",https://stackoverflow.com/jobs/147059
Fullstack Developer (Java) (d/f/m),eBay Classifieds Group,"Berlin, Germany",https://stackoverflow.com/jobs/551328
"Senior .Net Software Developer, Team Lead",Geotab,No office location,https://stackoverflow.com/jobs/529109
Senior Front End (UI) Developer,Hearst Magazines,"Washington, DC",https://stackoverflow.com/jobs/500818
PHP Softwareentwickler (m/w/d) remote und/oder in Jena,igniti GmbH,"Jena, Deutschland",https://stackoverflow.com/jobs/524422
Senior .Net / C# Web Service Developer / Architect,MapLarge,"Atlanta, GA",https://stackoverflow.com/jobs/124860
.NET Core / Angular Developer,1VALET,"Montreal, QC, Canada",https://stackoverflow.com/jobs/552167
Senior UI Engineer with AEM,Hearst Magazines,"Chicago, IL",https://stackoverflow.com/jobs/485592
Senior Frontend Engineer (React + Typescript),Bigblue,"Paris, France",https://stackoverflow.com/jobs/505291
Senior Full Stack Web Developer,MapLarge,"Atlanta, GA",https://stackoverflow.com/jobs/99708
Senior PHP Developer @Loyals,Loyals B.V.,"Mijdrecht, Netherlands",https://stackoverflow.com/jobs/503555
Senior Angular Engineer - Fully Remote US Only,Bold Penguin,No office location,https://stackoverflow.com/jobs/555647
Senior Front End Developer,Which?,"London, UK",https://stackoverflow.com/jobs/524732
Engineering Team Lead (Credit Risk UI Mircoservices),"JPMorgan Chase Bank, N.A.","Glasgow, UK",https://stackoverflow.com/jobs/553949
Fullstack Web-Entwickler PHP/React (m/w/d) für E-Commerce Agentur aus Bremen,hmmh multimediahaus AG,No office location,https://stackoverflow.com/jobs/526714
Software Engineer - Full Stack,"JPMorgan Chase Bank, N.A.","Plano, TX",https://stackoverflow.com/jobs/554511
Software Engineering - Java,"JPMorgan Chase Bank, N.A.","Chicago, IL",https://stackoverflow.com/jobs/554203
Full Stack Developer (Front End) 602,"JPMorgan Chase Bank, N.A.","Plano, TX",https://stackoverflow.com/jobs/555525
Full Stack Cloud Developer - Java,"JPMorgan Chase Bank, N.A.","Columbus, OH",https://stackoverflow.com/jobs/554076
C++ Developers,Mitrais,"Kecamatan Denpasar Selatan, Indonesia",https://stackoverflow.com/jobs/467698
Senior QA Engineer,GeoPhy,"Den Haag, Netherlands",https://stackoverflow.com/jobs/552143
Java Developer,Integral Group Inc.,"Markham, ON, Canada",https://stackoverflow.com/jobs/554861
Senior Cloud Native Microservices Developer,"JPMorgan Chase Bank, N.A.","Columbus, OH",https://stackoverflow.com/jobs/554075
IT Infrastructure Engineer/Automation Developer,"JPMorgan Chase Bank, N.A.","Columbus, OH",https://stackoverflow.com/jobs/554758
Senior Full Stack developer (Java/React) - DNA,"JPMorgan Chase Bank, N.A.","Glasgow, UK",https://stackoverflow.com/jobs/554763
Python Developer - Securities Services Technology: Analytics,"JPMorgan Chase Bank, N.A.","London, UK",https://stackoverflow.com/jobs/552808
Deloitte - Junior Software Engineer & IT Advisory - Milano,Deloitte Italy,"Milan, Italy",https://stackoverflow.com/jobs/535558
QA Engineer,"JPMorgan Chase Bank, N.A.","Columbus, OH",https://stackoverflow.com/jobs/555552
Lead Java Cloud Software Engineer,"JPMorgan Chase Bank, N.A.","Columbus, OH",https://stackoverflow.com/jobs/553760
Senior Business Intelligence Data Engineer,"JPMorgan Chase Bank, N.A.","Plano, TX",https://stackoverflow.com/jobs/554992
C++ Developers,Mitrais,"Kecamatan Denpasar Selatan, Indonesia",https://stackoverflow.com/jobs/467698
DevOps / SRE Engineer (f/m/d),HeidelbergCement AG,"Heidelberg, Deutschland",https://stackoverflow.com/jobs/555115
Wir suchen Sie als Angular Entwickler!,ViA-Online GmbH,"Krefeld, Deutschland",https://stackoverflow.com/jobs/147059
.NET Core / Angular Developer,1VALET,"Montreal, QC, Canada",https://stackoverflow.com/jobs/552167
UI/UX  Developer,"JPMorgan Chase Bank, N.A.","Jersey City, NJ",https://stackoverflow.com/jobs/552255
Senior iOS Developer (f/m/d) - onsite or remote / home office,1&1 Mail & Media Applications SE - WEB.DE | GMX | 1&1 | mail.com,"Berlin, Deutschland",https://stackoverflow.com/jobs/522809
Python Developer,Zyte (formerly Scrapinghub),No office location,https://stackoverflow.com/jobs/513698
Lead DevOps / SRE Engineer (f/m/d),HeidelbergCement AG,"Heidelberg, Deutschland",https://stackoverflow.com/jobs/555118
Senior Full Stack Web Developer,MapLarge,"Atlanta, GA",https://stackoverflow.com/jobs/99708
Java-Web-Entwickler (w/m/d),parcIT GmbH,"Köln, Deutschland",https://stackoverflow.com/jobs/524192
ServiceNow Infrastructure Developer,"JPMorgan Chase Bank, N.A.","Columbus, OH",https://stackoverflow.com/jobs/552943
Senior Android Engineer,Audible,"Newark, NJ",https://stackoverflow.com/jobs/555751
Vice President - Full Stack Software Engineer,"JPMorgan Chase Bank, N.A.","Plano, TX",https://stackoverflow.com/jobs/553793
Engineering Team Lead (Credit Risk UI Mircoservices),"JPMorgan Chase Bank, N.A.","Glasgow, UK",https://stackoverflow.com/jobs/553949
Site Reliability Engineer,"JPMorgan Chase Bank, N.A.","Chicago, IL",https://stackoverflow.com/jobs/553845
Front End Developer,Insites Digital,"Hitchin, UK",https://stackoverflow.com/jobs/531167
Senior Angular Engineer - Fully Remote US Only,Bold Penguin,No office location,https://stackoverflow.com/jobs/555647
Java Software Engineer - Asset Wealth Management,"JPMorgan Chase Bank, N.A.","Glasgow, UK",https://stackoverflow.com/jobs/554745
Sr. Voice Recording Engineer (IVR),"JPMorgan Chase Bank, N.A.","Plano, TX",https://stackoverflow.com/jobs/555534
Senior React Developer,UWM,"Pontiac, MI",https://stackoverflow.com/jobs/494546
Web-Softwareentwickler (m/w/d) – Business Intelligence und Dashboards,aruba informatik GmbH,"Fellbach, Deutschland",https://stackoverflow.com/jobs/550190
Trainer:in (m/w/d) - Fachinformatiker:in Anwendungsentwicklung (FIAE),WBS Gruppe,No office location,https://stackoverflow.com/jobs/546423
Associate Software Engineer,"JPMorgan Chase Bank, N.A.","Wilmington, DE",https://stackoverflow.com/jobs/552898
Sr Lead Software Developer – Salesforce and Vlocity,Lumen,"Littleton, CO",https://stackoverflow.com/jobs/360841
"Senior iOS Engineer, Frontier",Adevinta,"Barcelona, Spain",https://stackoverflow.com/jobs/538592
Sr. Threat Intelligence Developer-Cybersecurity Intelligence Group,"JPMorgan Chase Bank, N.A.","Plano, TX",https://stackoverflow.com/jobs/553739
Senior Frontend Engineer – React.js (w/m/d),Curalie GmbH,"Darmstadt, Deutschland",https://stackoverflow.com/jobs/551293
Java FullStack-Entwickler (m/d/w),MVB GmbHviaComputer Futures Solutions GmbH,"Frankfurt am Main, Deutschland",https://stackoverflow.com/jobs/522300
Infrastructure Development - Software Defined Storage Block Engineering,"JPMorgan Chase Bank, N.A.","Columbus, OH",https://stackoverflow.com/jobs/553493
Senior Web Developer,ti&m AG,"Zürich, Schweiz",https://stackoverflow.com/jobs/522317
Java/Angular Full Stack Developer,"JPMorgan Chase Bank, N.A.","Houston, TX",https://stackoverflow.com/jobs/554305
Fullstack Entwickler (m/w/d),CIS Solutions GmbH,"Ismaning, Deutschland",https://stackoverflow.com/jobs/371070
"Middle JavaScript Engineer, Autohero (f/m/x)",AUTO1,No office location,https://stackoverflow.com/jobs/552323
Site Reliability Engineer,"JPMorgan Chase Bank, N.A.","Glasgow, UK",https://stackoverflow.com/jobs/553377
Data Center Migration Infrastructure Engineer,"JPMorgan Chase Bank, N.A.","Columbus, OH",https://stackoverflow.com/jobs/555409
Senior UX Designer,SAP,"Warsaw, Poland",https://stackoverflow.com/jobs/555425
FRONTEND React JS Lead/Senior Developers; 3 Day Weekend; Distributed Team,Laminar,No office location,https://stackoverflow.com/jobs/500256
Java Developer,"JPMorgan Chase Bank, N.A.","Houston, TX",https://stackoverflow.com/jobs/553560
Senior Full Stack Engineer - Cyber Security,Myra Security GmbH,"München, Deutschland",https://stackoverflow.com/jobs/466848
Identity & Access Management SW Engineer,"JPMorgan Chase Bank, N.A.","Plano, TX",https://stackoverflow.com/jobs/554823
Back-end Developer,HOTMART,"Belo Horizonte, Brazil",https://stackoverflow.com/jobs/526775
System Architect (m/f/d) for Cloud Solutions - Supply Chain Management,SupplyOn AG,"Dresden, Germany",https://stackoverflow.com/jobs/549094
Senior Full Stack Developer,AutoRek,"Edinburgh, UK",https://stackoverflow.com/jobs/520638
Cloud Security Project Execution VP,"JPMorgan Chase Bank, N.A.","Jersey City, NJ",https://stackoverflow.com/jobs/555675
Identity & Access Management SW Engineer,"JPMorgan Chase Bank, N.A.","Plano, TX",https://stackoverflow.com/jobs/554823
Senior ServiceNow Developer,"IndraSoft, Inc","Annapolis Junction, MD",https://stackoverflow.com/jobs/481214
Frontend Developer (m/w/d) - Individualsoftware,SEITENBAU GmbH,"Konstanz, Deutschland",https://stackoverflow.com/jobs/550396
Software Engineering,"JPMorgan Chase Bank, N.A.","Glasgow, UK",https://stackoverflow.com/jobs/554431
System Architect (m/f/d) for Cloud Solutions - Supply Chain Management,SupplyOn AG,"Dresden, Germany",https://stackoverflow.com/jobs/549094
Fullstack Entwickler (m/w/d),SOLIT Management GmbH,"Wiesbaden, Deutschland",https://stackoverflow.com/jobs/523307
Senior Full Stack Developer,AutoRek,"Edinburgh, UK",https://stackoverflow.com/jobs/520638
Full Stack Java Developer,"Sepasoft, Inc.",No office location,https://stackoverflow.com/jobs/550626
Werkstudent (m/w/d) - PHP Entwicklung ID4me,IONOS SE,"Karlsruhe, Deutschland",https://stackoverflow.com/jobs/471162
Back-end Developer,HOTMART,"Belo Horizonte, Brazil",https://stackoverflow.com/jobs/526775
"Senior JavaScript Engineer, Retail (f/m/x)",AUTO1,No office location,https://stackoverflow.com/jobs/552327
Software Engineering Manager,"JPMorgan Chase Bank, N.A.","Wilmington, DE",https://stackoverflow.com/jobs/555857
Salesforce Technical Consultant (m/w/d),Deloitte Deutschland,"Düsseldorf, Deutschland",https://stackoverflow.com/jobs/533743
Salesforce Senior Technical Consultant (m/w/d),Deloitte Deutschland,"Düsseldorf, Deutschland",https://stackoverflow.com/jobs/533742
Deutsche Bank Lead Engineer - Digital Small Cap Banking (m/w/d),Deutsche Bank AG,"Berlin, Germany",https://stackoverflow.com/jobs/529662
Frontend/Web-Entwickler mit dem Schwerpunkt WordPress (m/w/d),onOffice GmbH,No office location,https://stackoverflow.com/jobs/552287
"Senior Engineer, Web",Homer,No office location,https://stackoverflow.com/jobs/555329
Senior C++ Software-Entwickler (m/w/d),LaVision BioTec GmbH,"Bielefeld, Deutschland",https://stackoverflow.com/jobs/551459
Lead Software Engineer,Vodafone,"London, UK",https://stackoverflow.com/jobs/533128
UI/UX Designer,AutoRek,"Edinburgh, UK",https://stackoverflow.com/jobs/520641
Mobile Developer (m/w/d) Android und iOS,AUSY Technologies Germany AG,"München, Deutschland",https://stackoverflow.com/jobs/482932
Senior Full Stack Engineer - SDK,Spotify,No office location,https://stackoverflow.com/jobs/552946
iOS / Swift Developer (Remote),X-Team,No office location,https://stackoverflow.com/jobs/534448
(Senior) Rust Engineer (m/f/d),Xayn AG,"Berlin, Deutschland",https://stackoverflow.com/jobs/373256
Senior Front End Engineer on Spectrum Design System,"JPMorgan Chase Bank, N.A.","Jersey City, NJ",https://stackoverflow.com/jobs/553323
Senior Full Stack Java Developer,"JPMorgan Chase Bank, N.A.","Plano, TX",https://stackoverflow.com/jobs/553876
Senior .NET developer,emerchantpay,"Sofia, Bulgaria",https://stackoverflow.com/jobs/519494
Senior Full Stack Engineer interested in collaborative hardware development,Wikifactory,No office location,https://stackoverflow.com/jobs/386765
Infrastructure Engineering,"JPMorgan Chase Bank, N.A.","Wilmington, DE",https://stackoverflow.com/jobs/554720
Full Stack Developer,Checkmarx,"Braga, Portugal",https://stackoverflow.com/jobs/531560
Java Developer,"JPMorgan Chase Bank, N.A.","Houston, TX",https://stackoverflow.com/jobs/553560
Senior Front-End Developer,Derivco.,"Umhlanga, South Africa",https://stackoverflow.com/jobs/528639
Senior Fullstack Developer (m/w/d),CodeCamp:N GmbH,"Nuremberg, Germany",https://stackoverflow.com/jobs/551721
Identity & Access Management SW Engineer,"JPMorgan Chase Bank, N.A.","Plano, TX",https://stackoverflow.com/jobs/554823
Infrastructure Engineer,"JPMorgan Chase Bank, N.A.","Plano, TX",https://stackoverflow.com/jobs/552807
Senior Node.js Developer,Tomorrow's Guides,No office location,https://stackoverflow.com/jobs/551298
Full Stack Engineer - Azure Platform (m/f/d),Relayr,"Berlin, Germany",https://stackoverflow.com/jobs/544458
PHP Softwareentwickler (m/w/d) remote und/oder in Jena,igniti GmbH,"Jena, Deutschland",https://stackoverflow.com/jobs/524422
Deutsche Bank Lead Engineer - Digital Small Cap Banking (m/w/d),Deutsche Bank AG,"Berlin, Germany",https://stackoverflow.com/jobs/529662
Full Stack Java Developer,"Sepasoft, Inc.",No office location,https://stackoverflow.com/jobs/550626
Senior PHP Developer @Loyals,Loyals B.V.,"Mijdrecht, Netherlands",https://stackoverflow.com/jobs/503555
Softwareentwickler/innen oder Web Developer/innen (w/m/d),Deutsches Zentrum für Luft- und Raumfahrt,"Berlin, Deutschland",https://stackoverflow.com/jobs/553436
Engineering Manager,AMBOSS,"Berlin, Germany",https://stackoverflow.com/jobs/524863
Sr. Product Designer - ArcGIS Hub,Esri,"Arlington, VA",https://stackoverflow.com/jobs/551634
Technical Success Manager,Gtmhub,"Sofia, Bulgaria",https://stackoverflow.com/jobs/499610
"Lead Developer (C#, MVC, WebAPI, Angular)",Afton Chemical,"Richmond, VA",https://stackoverflow.com/jobs/200027
LN Index Technology Senior Engineer,"JPMorgan Chase Bank, N.A.","London, UK",https://stackoverflow.com/jobs/555011
Senior Full Stack Engineer - SDK,Spotify,No office location,https://stackoverflow.com/jobs/552946
Senior Wireless Data Network Engineer - Infrastructure Engineering,"JPMorgan Chase Bank, N.A.","Columbus, OH",https://stackoverflow.com/jobs/553963
IT Infrastructure Engineer/Automation Developer,"JPMorgan Chase Bank, N.A.","Columbus, OH",https://stackoverflow.com/jobs/554758
Senior Full Stack Engineer - SDK,Spotify,No office location,https://stackoverflow.com/jobs/552946
DevOps / SRE Engineer (f/m/d),HeidelbergCement AG,"Heidelberg, Deutschland",https://stackoverflow.com/jobs/555115
Senior Wireless Data Network Engineer - Infrastructure Engineering,"JPMorgan Chase Bank, N.A.","Columbus, OH",https://stackoverflow.com/jobs/553963
Product Security Engineer,Nozomi Networks,"Mendrisio, Switzerland",https://stackoverflow.com/jobs/526404
Application Architect-cxLoyalty,"JPMorgan Chase Bank, N.A.","Plano, TX",https://stackoverflow.com/jobs/552425
Fullstack Engineer,WeLab Bank Limited,Hong Kong,https://stackoverflow.com/jobs/523209
"Full Stack Engineer(React, Redux,  Angular, Node)",buildit,"Bengaluru, India",https://stackoverflow.com/jobs/552505
Full Stack Engineer,"JPMorgan Chase Bank, N.A.","Jersey City, NJ",https://stackoverflow.com/jobs/554023
Senior ReactJS Engineer,"JPMorgan Chase Bank, N.A.","Houston, TX",https://stackoverflow.com/jobs/555553
Infrastructure Development - Software Defined Storage Block Engineering,"JPMorgan Chase Bank, N.A.","Columbus, OH",https://stackoverflow.com/jobs/553493
Java/Angular Full Stack Developer,"JPMorgan Chase Bank, N.A.","Houston, TX",https://stackoverflow.com/jobs/554305
German-Speaking Web Development Instructor (m/f/x) | MERN | 15 weeks Freelance,WBS Gruppe,No office location,https://stackoverflow.com/jobs/529169
Software-Entwickler (m/w/d) Backend im .Net Umfeld,IngSoft GmbH,"Nürnberg, Deutschland",https://stackoverflow.com/jobs/551458
Kundenberater (m/w/d) eGovernment,Anstalt für Kommunale Datenverarbeitung in Bayern (AKDB),"München, Deutschland",https://stackoverflow.com/jobs/546331
Site Reliability Engineer,"JPMorgan Chase Bank, N.A.","Chicago, IL",https://stackoverflow.com/jobs/553845
Senior IT Engineer,The LEGO Group,"Kladno, Czechia",https://stackoverflow.com/jobs/544776
Senior .NET Developer,Mygrant Glass,"Hayward, CA",https://stackoverflow.com/jobs/554422
Senior Network/Cloud Engineer,"JPMorgan Chase Bank, N.A.","Tampa, FL",https://stackoverflow.com/jobs/554306
"Principal Software Engineer, Visual Interfaces (Front End / Full Stack) - London",Synthace Ltd.,"London, UK",https://stackoverflow.com/jobs/554537
UAT Engineer,"JPMorgan Chase Bank, N.A.","London, UK",https://stackoverflow.com/jobs/552764
Senior Java/Cloud Engineer,"JPMorgan Chase Bank, N.A.","Columbus, OH",https://stackoverflow.com/jobs/555369
Full Stack Software Engineer - API,"JPMorgan Chase Bank, N.A.","Plano, TX",https://stackoverflow.com/jobs/553496
Java/J2EE Software Engineer,"JPMorgan Chase Bank, N.A.","Houston, TX",https://stackoverflow.com/jobs/554614
Senior Software Engineer/Solution Architect,"JPMorgan Chase Bank, N.A.","Houston, TX",https://stackoverflow.com/jobs/551901
IT Infrastructure Engineer/Automation Developer,"JPMorgan Chase Bank, N.A.","Columbus, OH",https://stackoverflow.com/jobs/554758
Hackers wanted - UI/UX Engineer (m/f/d),freiheit.com technologies,"Hamburg, Deutschland",https://stackoverflow.com/jobs/91520
Senior Web Developer,The Procter & Gamble Company,"Boston, MA",https://stackoverflow.com/jobs/530009
Fullstack Entwickler (m/w/d),SOLIT Management GmbH,"Wiesbaden, Deutschland",https://stackoverflow.com/jobs/523307
Lead Software Engineer - Full Stack Developer VP,"JPMorgan Chase Bank, N.A.","Glasgow, UK",https://stackoverflow.com/jobs/554996
Frontend Developer (m/w/d) - Individualsoftware,SEITENBAU GmbH,"Konstanz, Deutschland",https://stackoverflow.com/jobs/550396
Technical Lead Engineer / .NET,additiv,"Zürich, Switzerland",https://stackoverflow.com/jobs/543347
German-Speaking Web Development Instructor (m/f/x) | MERN | 15 weeks Freelance,WBS Gruppe,No office location,https://stackoverflow.com/jobs/529169
DevOps Engineer - High Performance Computing,Sandia National Laboratories,"Albuquerque, NM",https://stackoverflow.com/jobs/555176
Senior Product Designer,Olo,No office location,https://stackoverflow.com/jobs/529175
Frontend Developer,Octopus Energy,"London, UK",https://stackoverflow.com/jobs/533659
Senior IT Engineer,The LEGO Group,"Kladno, Czechia",https://stackoverflow.com/jobs/544776
Full Stack .NET Developer,Worldline,"Sydney, Australia",https://stackoverflow.com/jobs/550627
Sr. Product Designer - ArcGIS Hub,Esri,"Arlington, VA",https://stackoverflow.com/jobs/551634
Senior Network/Cloud Engineer,"JPMorgan Chase Bank, N.A.","Tampa, FL",https://stackoverflow.com/jobs/554306
Java Application Developer (m/w/d),Worldline,"Wien, Österreich",https://stackoverflow.com/jobs/534692
Technical Success Manager,Gtmhub,"Sofia, Bulgaria",https://stackoverflow.com/jobs/499610
DevOps / SRE Engineer (f/m/d),HeidelbergCement AG,"Heidelberg, Deutschland",https://stackoverflow.com/jobs/555115
Senior Java/Cloud Engineer,"JPMorgan Chase Bank, N.A.","Columbus, OH",https://stackoverflow.com/jobs/555369
Full Stack Software Engineer - API,"JPMorgan Chase Bank, N.A.","Plano, TX",https://stackoverflow.com/jobs/553496
Senior Site Reliability Engineer,Labforward GmbH,"Berlin, Germany",https://stackoverflow.com/jobs/525818
Product Security Engineer,Nozomi Networks,"Mendrisio, Switzerland",https://stackoverflow.com/jobs/526404
Full Stack Engineer,"JPMorgan Chase Bank, N.A.","Jersey City, NJ",https://stackoverflow.com/jobs/554023
Full Stack Developer,BDR Solutions,"Vienna, VA",https://stackoverflow.com/jobs/552178
Senior Linux Developer (Ethernet),Intel Corporation,"Gdańsk, Poland",https://stackoverflow.com/jobs/529940
Java Developer,"JPMorgan Chase Bank, N.A.","Glasgow, UK",https://stackoverflow.com/jobs/553234
"Principal Software Engineer, Visual Interfaces (Front End / Full Stack) - London",Synthace Ltd.,"London, UK",https://stackoverflow.com/jobs/554537
Sr. Cloud Support Engineer,"Sailpoint Technologies, Inc.","Austin, TX",https://stackoverflow.com/jobs/536838
ReactJS Engineer,"JPMorgan Chase Bank, N.A.","Houston, TX",https://stackoverflow.com/jobs/554743
Senior UI Developer interested in collaborative hardware development,Wikifactory,No office location,https://stackoverflow.com/jobs/448569
UAT Engineer,"JPMorgan Chase Bank, N.A.","London, UK",https://stackoverflow.com/jobs/552764
(Senior) Frontend Developer (f/m/d),"AppLike Group - justDice, adjoe and Sunday","Hamburg, Deutschland",https://stackoverflow.com/jobs/526490
Scala / Java Softwareentwickler (m/w/d),Beta Systems Software AG,"Berlin, Deutschland",https://stackoverflow.com/jobs/551108
Senior Data Engineer - Applied AI,"JPMorgan Chase Bank, N.A.","Jersey City, NJ",https://stackoverflow.com/jobs/553981
Full Stack Developer - Associate,"JPMorgan Chase Bank, N.A.","Glasgow, UK",https://stackoverflow.com/jobs/552072
Senior WordPress/Back-end Engineer,adjacent,"Syracuse, NY",https://stackoverflow.com/jobs/552693
Senior DevOps Engineer,BravoLT LLC,No office location,https://stackoverflow.com/jobs/552019
VP React/Typescript Engineer - Spectrum Design System,"JPMorgan Chase Bank, N.A.","London, UK",https://stackoverflow.com/jobs/552794
Senior Frontend Developer at Inc 5000 Digital Marketing Agency,VividFront,"Cleveland, OH",https://stackoverflow.com/jobs/554712
Senior Frontend Developer,Youwe,"Rotterdam, Netherlands",https://stackoverflow.com/jobs/526842
Front-end Flutter Engineer (Accounts Team),funda,"Amsterdam, Netherlands",https://stackoverflow.com/jobs/543552
Full Stack iOS Engineer (d/f/m),eBay Classifieds Group,"Berlin, Germany",https://stackoverflow.com/jobs/529947
Full Stack PHP Developer,Cover Whale,"Spring, TX",https://stackoverflow.com/jobs/554716
Senior Frontendutvecklare - React,Learnifier,"Stockholm, Sweden",https://stackoverflow.com/jobs/506872
Data Architect,Derivco.,"Umhlanga, South Africa",https://stackoverflow.com/jobs/528638
"Frontend Engineer, Web",Aaqua,Singapore,https://stackoverflow.com/jobs/493601
Software Engineer - Full Stack Developer - Associate,"JPMorgan Chase Bank, N.A.","Glasgow, UK",https://stackoverflow.com/jobs/553384
Senior Cloud Engineer,"JPMorgan Chase Bank, N.A.","Houston, TX",https://stackoverflow.com/jobs/553927
Salesforce Developer,"JPMorgan Chase Bank, N.A.","London, UK",https://stackoverflow.com/jobs/554762
Senior Product Security Engineer,"JPMorgan Chase Bank, N.A.","Houston, TX",https://stackoverflow.com/jobs/552652
Cloud Delivery Lead - Associate,"JPMorgan Chase Bank, N.A.","Columbus, OH",https://stackoverflow.com/jobs/553514
Fullstack Entwickler (m/w/d),CIS Solutions GmbH,"Ismaning, Deutschland",https://stackoverflow.com/jobs/371070
Senior UX Designer,SAP,"Warsaw, Poland",https://stackoverflow.com/jobs/555425
Full Stack iOS Engineer (d/f/m),eBay Classifieds Group,"Berlin, Germany",https://stackoverflow.com/jobs/529947
IT Enterprise Applications Oracle Developer,Quantcast,"San Francisco, CA",https://stackoverflow.com/jobs/442203
Java Application Developer (m/w/d),Worldline,"Wien, Österreich",https://stackoverflow.com/jobs/534692
DevOps Engineer - High Performance Computing,Sandia National Laboratories,"Albuquerque, NM",https://stackoverflow.com/jobs/555176
"Frontend Engineer, Web",Aaqua,Singapore,https://stackoverflow.com/jobs/493601
System Architect (m/f/d) for Cloud Solutions - Supply Chain Management,SupplyOn AG,"Dresden, Germany",https://stackoverflow.com/jobs/549094
Senior Cloud Engineer,"JPMorgan Chase Bank, N.A.","Houston, TX",https://stackoverflow.com/jobs/553927
Salesforce Technical Consultant (m/w/d),Deloitte Deutschland,"Düsseldorf, Deutschland",https://stackoverflow.com/jobs/533743
Salesforce Senior Technical Consultant (m/w/d),Deloitte Deutschland,"Düsseldorf, Deutschland",https://stackoverflow.com/jobs/533742
Salesforce Developer,"JPMorgan Chase Bank, N.A.","London, UK",https://stackoverflow.com/jobs/554762
Cloud Security Project Execution VP,"JPMorgan Chase Bank, N.A.","Jersey City, NJ",https://stackoverflow.com/jobs/555675
Full Stack Engineer,"JPMorgan Chase Bank, N.A.","Jersey City, NJ",https://stackoverflow.com/jobs/554023
BI Developer,Quin.md,"Amsterdam, Netherlands",https://stackoverflow.com/jobs/538298
UI/UX Designer,AutoRek,"Edinburgh, UK",https://stackoverflow.com/jobs/520641
AI Startup Team Lead Developer Opportunity!,IHS Markit - Project Ultra Violet,"Englewood, CO",https://stackoverflow.com/jobs/468511
"Développeur C# C++ (possibilité de télétravail à 100%, partout au Québec)",Grics,"Montréal, QC, Canada",https://stackoverflow.com/jobs/521898
"Salesforce Lead Developer - Apex, Visualforce, salesforce lightning platform",Lumen,No office location,https://stackoverflow.com/jobs/541689
"Développeur .Net (possibilité de télétravail à 100%, partout au Québec)",Grics,"Montréal, QC, Canada",https://stackoverflow.com/jobs/521899
Senior Machine Learning Engineer,"JPMorgan Chase Bank, N.A.","Wilmington, DE",https://stackoverflow.com/jobs/552792
Java Lead,"JPMorgan Chase Bank, N.A.","Jersey City, NJ",https://stackoverflow.com/jobs/553507
Solution Architect (m/w/d),CIS Solutions GmbH,"Ismaning, Deutschland",https://stackoverflow.com/jobs/383540
Senior UX Designer,SAP,"Gliwice, Poland",https://stackoverflow.com/jobs/552503
Cloud Delivery Lead - Associate,"JPMorgan Chase Bank, N.A.","Columbus, OH",https://stackoverflow.com/jobs/553514
Engineering Manager,AMBOSS,"Berlin, Germany",https://stackoverflow.com/jobs/524863
Sr. SQA Automation Engineer,IHS Markit,"Englewood, CO",https://stackoverflow.com/jobs/468512
"Salesforce Lead Developer - Apex, Visualforce, salesforce lightning platform",Lumen,No office location,https://stackoverflow.com/jobs/541689
"Associate, Software Engineering - Identity & Access Management","JPMorgan Chase Bank, N.A.","Plano, TX",https://stackoverflow.com/jobs/554338
Ruby Developer - Back End - Build a gamified cyber security platform,Immersive Labs,"Bristol, UK",https://stackoverflow.com/jobs/527569
Senior UI Developer interested in collaborative hardware development,Wikifactory,No office location,https://stackoverflow.com/jobs/448569
Senior UX Designer,SAP,"Gliwice, Poland",https://stackoverflow.com/jobs/552503
Full Stack Developer - Associate,"JPMorgan Chase Bank, N.A.","Glasgow, UK",https://stackoverflow.com/jobs/552072
Senior Frontendutvecklare - React,Learnifier,"Stockholm, Sweden",https://stackoverflow.com/jobs/506872
Senior Data Engineer (BI/Analytics),ActivTrak,"Austin, TX",https://stackoverflow.com/jobs/547898
Vice President - Java Developer,"JPMorgan Chase Bank, N.A.","Plano, TX",https://stackoverflow.com/jobs/552782
Senior WordPress Engineer (Remote),XWP,No office location,https://stackoverflow.com/jobs/507941
Back End Engineer (Ruby on Rails),Modus Create,No office location,https://stackoverflow.com/jobs/551638
Cloud Delivery Lead - VP,"JPMorgan Chase Bank, N.A.","Columbus, OH",https://stackoverflow.com/jobs/554331
Senior Machine Learning Engineer,"JPMorgan Chase Bank, N.A.","Wilmington, DE",https://stackoverflow.com/jobs/552792
Principal Front-end Engineer,MessageBird,No office location,https://stackoverflow.com/jobs/477959
Java Lead,"JPMorgan Chase Bank, N.A.","Jersey City, NJ",https://stackoverflow.com/jobs/553507
Lead WordPress Engineer,XWP,No office location,https://stackoverflow.com/jobs/513454
"Développeur C# C++ (possibilité de télétravail à 100%, partout au Québec)",Grics,"Montréal, QC, Canada",https://stackoverflow.com/jobs/521898
Architect (Java Full Stack) - SAP Ariba Tech. India (12+ Yrs.),SAP,"Bengaluru, India",https://stackoverflow.com/jobs/550195
Senior Test Automation Engineer,"JPMorgan Chase Bank, N.A.","Bournemouth, UK",https://stackoverflow.com/jobs/553228
Software Engineering Manager,Capital Group,"Irvine, CA",https://stackoverflow.com/jobs/550285
